asset_group,venue,data_type,date,expected_state,reason,any_captured,any_empty,any_failed,row_count,classification
defi,AAVE,governance_events,2026-06-26,SHOULD_HAVE_DATA,,False,False,False,0,MISSING_EXPECTED
defi,AAVE,governance_events,2026-06-27,SHOULD_HAVE_DATA,,False,False,False,0,MISSING_EXPECTED
defi,AAVE,governance_events,2026-06-28,SHOULD_HAVE_DATA,,False,False,False,0,MISSING_EXPECTED
defi,AAVE,governance_events,2026-06-29,SHOULD_HAVE_DATA,,False,False,False,0,MISSING_EXPECTED
defi,AAVE_V3,flash_loan_events,2026-06-26,SHOULD_HAVE_DATA,,False,False,False,0,MISSING_EXPECTED
defi,AAVE_V3,flash_loan_events,2026-06-27,SHOULD_HAVE_DATA,,False,False,False,0,MISSING_EXPECTED
defi,AAVE_V3,flash_loan_events,2026-06-28,SHOULD_HAVE_DATA,,False,False,False,0,MISSING_EXPECTED
defi,AAVE_V3,flash_loan_events,2026-06-29,SHOULD_HAVE_DATA,,False,False,False,0,MISSING_EXPECTED
defi,AAVE_V3,lending_indices,2026-06-26,SHOULD_HAVE_DATA,,False,False,False,0,MISSING_EXPECTED
defi,AAVE_V3,lending_indices,2026-06-27,SHOULD_HAVE_DATA,,False,False,False,0,MISSING_EXPECTED
defi,AAVE_V3,lending_indices,2026-06-28,SHOULD_HAVE_DATA,,False,False,False,0,MISSING_EXPECTED
defi,AAVE_V3,lending_indices,2026-06-29,SHOULD_HAVE_DATA,,False,False,False,0,MISSING_EXPECTED
defi,AAVE_V3,liquidation_events,2026-06-26,SHOULD_HAVE_DATA,,False,False,False,0,MISSING_EXPECTED
defi,AAVE_V3,liquidation_events,2026-06-27,SHOULD_HAVE_DATA,,False,False,False,0,MISSING_EXPECTED
defi,AAVE_V3,liquidation_events,2026-06-28,SHOULD_HAVE_DATA,,False,False,False,0,MISSING_EXPECTED
defi,AAVE_V3,liquidation_events,2026-06-29,SHOULD_HAVE_DATA,,False,False,False,0,MISSING_EXPECTED
defi,AAVE_V3,position_data,2026-06-26,SHOULD_HAVE_DATA,,False,False,False,0,MISSING_EXPECTED
defi,AAVE_V3,position_data,2026-06-27,SHOULD_HAVE_DATA,,False,False,False,0,MISSING_EXPECTED
defi,AAVE_V3,position_data,2026-06-28,SHOULD_HAVE_DATA,,False,False,False,0,MISSING_EXPECTED
defi,AAVE_V3,position_data,2026-06-29,SHOULD_HAVE_DATA,,False,False,False,0,MISSING_EXPECTED
defi,AAVE_V3,risk_params,2026-06-26,SHOULD_HAVE_DATA,,False,False,False,0,MISSING_EXPECTED
defi,AAVE_V3,risk_params,2026-06-27,SHOULD_HAVE_DATA,,False,False,False,0,MISSING_EXPECTED
defi,AAVE_V3,risk_params,2026-06-28,SHOULD_HAVE_DATA,,False,False,False,0,MISSING_EXPECTED
defi,AAVE_V3,risk_params,2026-06-29,SHOULD_HAVE_DATA,,False,False,False,0,MISSING_EXPECTED
defi,AAVE_V3-ARBITRUM,flash_loan_events,2026-06-26,SHOULD_HAVE_DATA,,False,False,False,0,MISSING_EXPECTED
defi,AAVE_V3-ARBITRUM,flash_loan_events,2026-06-27,SHOULD_HAVE_DATA,,False,False,False,0,MISSING_EXPECTED
defi,AAVE_V3-ARBITRUM,flash_loan_events,2026-06-28,SHOULD_HAVE_DATA,,False,False,False,0,MISSING_EXPECTED
defi,AAVE_V3-ARBITRUM,flash_loan_events,2026-06-29,SHOULD_HAVE_DATA,,False,False,False,0,MISSING_EXPECTED
defi,AAVE_V3-ARBITRUM,lending_indices,2026-06-26,SHOULD_HAVE_DATA,,False,False,False,0,MISSING_EXPECTED
defi,AAVE_V3-ARBITRUM,lending_indices,2026-06-27,SHOULD_HAVE_DATA,,False,False,False,0,MISSING_EXPECTED
defi,AAVE_V3-ARBITRUM,lending_indices,2026-06-28,SHOULD_HAVE_DATA,,False,False,False,0,MISSING_EXPECTED
defi,AAVE_V3-ARBITRUM,lending_indices,2026-06-29,SHOULD_HAVE_DATA,,False,False,False,0,MISSING_EXPECTED
defi,AAVE_V3-ARBITRUM,liquidation_events,2026-06-26,SHOULD_HAVE_DATA,,False,False,False,0,MISSING_EXPECTED
defi,AAVE_V3-ARBITRUM,liquidation_events,2026-06-27,SHOULD_HAVE_DATA,,False,False,False,0,MISSING_EXPECTED
defi,AAVE_V3-ARBITRUM,liquidation_events,2026-06-28,SHOULD_HAVE_DATA,,False,False,False,0,MISSING_EXPECTED
defi,AAVE_V3-ARBITRUM,liquidation_events,2026-06-29,SHOULD_HAVE_DATA,,False,False,False,0,MISSING_EXPECTED
defi,AAVE_V3-ARBITRUM,position_data,2026-06-26,SHOULD_HAVE_DATA,,False,False,False,0,MISSING_EXPECTED
defi,AAVE_V3-ARBITRUM,position_data,2026-06-27,SHOULD_HAVE_DATA,,False,False,False,0,MISSING_EXPECTED
defi,AAVE_V3-ARBITRUM,position_data,2026-06-28,SHOULD_HAVE_DATA,,False,False,False,0,MISSING_EXPECTED
defi,AAVE_V3-ARBITRUM,position_data,2026-06-29,SHOULD_HAVE_DATA,,False,False,False,0,MISSING_EXPECTED
defi,AAVE_V3-ARBITRUM,risk_params,2026-06-26,SHOULD_HAVE_DATA,,False,False,False,0,MISSING_EXPECTED
defi,AAVE_V3-ARBITRUM,risk_params,2026-06-27,SHOULD_HAVE_DATA,,False,False,False,0,MISSING_EXPECTED
defi,AAVE_V3-ARBITRUM,risk_params,2026-06-28,SHOULD_HAVE_DATA,,False,False,False,0,MISSING_EXPECTED
defi,AAVE_V3-ARBITRUM,risk_params,2026-06-29,SHOULD_HAVE_DATA,,False,False,False,0,MISSING_EXPECTED
defi,AAVE_V3-AVALANCHE,flash_loan_events,2026-06-26,SHOULD_HAVE_DATA,,False,False,False,0,MISSING_EXPECTED
defi,AAVE_V3-AVALANCHE,flash_loan_events,2026-06-27,SHOULD_HAVE_DATA,,False,False,False,0,MISSING_EXPECTED
defi,AAVE_V3-AVALANCHE,flash_loan_events,2026-06-28,SHOULD_HAVE_DATA,,False,False,False,0,MISSING_EXPECTED
defi,AAVE_V3-AVALANCHE,flash_loan_events,2026-06-29,SHOULD_HAVE_DATA,,False,False,False,0,MISSING_EXPECTED
defi,AAVE_V3-AVALANCHE,lending_indices,2026-06-26,SHOULD_HAVE_DATA,,False,False,False,0,MISSING_EXPECTED
defi,AAVE_V3-AVALANCHE,lending_indices,2026-06-27,SHOULD_HAVE_DATA,,False,False,False,0,MISSING_EXPECTED
defi,AAVE_V3-AVALANCHE,lending_indices,2026-06-28,SHOULD_HAVE_DATA,,False,False,False,0,MISSING_EXPECTED
defi,AAVE_V3-AVALANCHE,lending_indices,2026-06-29,SHOULD_HAVE_DATA,,False,False,False,0,MISSING_EXPECTED
defi,AAVE_V3-AVALANCHE,liquidation_events,2026-06-26,SHOULD_HAVE_DATA,,False,False,False,0,MISSING_EXPECTED
defi,AAVE_V3-AVALANCHE,liquidation_events,2026-06-27,SHOULD_HAVE_DATA,,False,False,False,0,MISSING_EXPECTED
defi,AAVE_V3-AVALANCHE,liquidation_events,2026-06-28,SHOULD_HAVE_DATA,,False,False,False,0,MISSING_EXPECTED
defi,AAVE_V3-AVALANCHE,liquidation_events,2026-06-29,SHOULD_HAVE_DATA,,False,False,False,0,MISSING_EXPECTED
defi,AAVE_V3-AVALANCHE,position_data,2026-06-26,SHOULD_HAVE_DATA,,False,False,False,0,MISSING_EXPECTED
defi,AAVE_V3-AVALANCHE,position_data,2026-06-27,SHOULD_HAVE_DATA,,False,False,False,0,MISSING_EXPECTED
defi,AAVE_V3-AVALANCHE,position_data,2026-06-28,SHOULD_HAVE_DATA,,False,False,False,0,MISSING_EXPECTED
defi,AAVE_V3-AVALANCHE,position_data,2026-06-29,SHOULD_HAVE_DATA,,False,False,False,0,MISSING_EXPECTED
defi,AAVE_V3-AVALANCHE,risk_params,2026-06-26,SHOULD_HAVE_DATA,,False,False,False,0,MISSING_EXPECTED
defi,AAVE_V3-AVALANCHE,risk_params,2026-06-27,SHOULD_HAVE_DATA,,False,False,False,0,MISSING_EXPECTED
defi,AAVE_V3-AVALANCHE,risk_params,2026-06-28,SHOULD_HAVE_DATA,,False,False,False,0,MISSING_EXPECTED
defi,AAVE_V3-AVALANCHE,risk_params,2026-06-29,SHOULD_HAVE_DATA,,False,False,False,0,MISSING_EXPECTED
defi,AAVE_V3-BASE,flash_loan_events,2026-06-26,SHOULD_HAVE_DATA,,False,False,False,0,MISSING_EXPECTED
defi,AAVE_V3-BASE,flash_loan_events,2026-06-27,SHOULD_HAVE_DATA,,False,False,False,0,MISSING_EXPECTED
defi,AAVE_V3-BASE,flash_loan_events,2026-06-28,SHOULD_HAVE_DATA,,False,False,False,0,MISSING_EXPECTED
defi,AAVE_V3-BASE,flash_loan_events,2026-06-29,SHOULD_HAVE_DATA,,False,False,False,0,MISSING_EXPECTED
defi,AAVE_V3-BASE,lending_indices,2026-06-26,SHOULD_HAVE_DATA,,False,False,False,0,MISSING_EXPECTED
defi,AAVE_V3-BASE,lending_indices,2026-06-27,SHOULD_HAVE_DATA,,False,False,False,0,MISSING_EXPECTED
defi,AAVE_V3-BASE,lending_indices,2026-06-28,SHOULD_HAVE_DATA,,False,False,False,0,MISSING_EXPECTED
defi,AAVE_V3-BASE,lending_indices,2026-06-29,SHOULD_HAVE_DATA,,False,False,False,0,MISSING_EXPECTED
defi,AAVE_V3-BASE,liquidation_events,2026-06-26,SHOULD_HAVE_DATA,,False,False,False,0,MISSING_EXPECTED
defi,AAVE_V3-BASE,liquidation_events,2026-06-27,SHOULD_HAVE_DATA,,False,False,False,0,MISSING_EXPECTED
defi,AAVE_V3-BASE,liquidation_events,2026-06-28,SHOULD_HAVE_DATA,,False,False,False,0,MISSING_EXPECTED
defi,AAVE_V3-BASE,liquidation_events,2026-06-29,SHOULD_HAVE_DATA,,False,False,False,0,MISSING_EXPECTED
defi,AAVE_V3-BASE,position_data,2026-06-26,SHOULD_HAVE_DATA,,False,False,False,0,MISSING_EXPECTED
defi,AAVE_V3-BASE,position_data,2026-06-27,SHOULD_HAVE_DATA,,False,False,False,0,MISSING_EXPECTED
defi,AAVE_V3-BASE,position_data,2026-06-28,SHOULD_HAVE_DATA,,False,False,False,0,MISSING_EXPECTED
defi,AAVE_V3-BASE,position_data,2026-06-29,SHOULD_HAVE_DATA,,False,False,False,0,MISSING_EXPECTED
defi,AAVE_V3-BASE,risk_params,2026-06-26,SHOULD_HAVE_DATA,,False,False,False,0,MISSING_EXPECTED
defi,AAVE_V3-BASE,risk_params,2026-06-27,SHOULD_HAVE_DATA,,False,False,False,0,MISSING_EXPECTED
defi,AAVE_V3-BASE,risk_params,2026-06-28,SHOULD_HAVE_DATA,,False,False,False,0,MISSING_EXPECTED
defi,AAVE_V3-BASE,risk_params,2026-06-29,SHOULD_HAVE_DATA,,False,False,False,0,MISSING_EXPECTED
defi,AAVE_V3-BSC,flash_loan_events,2026-06-26,SHOULD_HAVE_DATA,,False,False,False,0,MISSING_EXPECTED
defi,AAVE_V3-BSC,flash_loan_events,2026-06-27,SHOULD_HAVE_DATA,,False,False,False,0,MISSING_EXPECTED
defi,AAVE_V3-BSC,flash_loan_events,2026-06-28,SHOULD_HAVE_DATA,,False,False,False,0,MISSING_EXPECTED
defi,AAVE_V3-BSC,flash_loan_events,2026-06-29,SHOULD_HAVE_DATA,,False,False,False,0,MISSING_EXPECTED
defi,AAVE_V3-BSC,lending_indices,2026-06-26,SHOULD_HAVE_DATA,,False,False,False,0,MISSING_EXPECTED
defi,AAVE_V3-BSC,lending_indices,2026-06-27,SHOULD_HAVE_DATA,,False,False,False,0,MISSING_EXPECTED
defi,AAVE_V3-BSC,lending_indices,2026-06-28,SHOULD_HAVE_DATA,,False,False,False,0,MISSING_EXPECTED
defi,AAVE_V3-BSC,lending_indices,2026-06-29,SHOULD_HAVE_DATA,,False,False,False,0,MISSING_EXPECTED
defi,AAVE_V3-BSC,liquidation_events,2026-06-26,SHOULD_HAVE_DATA,,False,False,False,0,MISSING_EXPECTED
defi,AAVE_V3-BSC,liquidation_events,2026-06-27,SHOULD_HAVE_DATA,,False,False,False,0,MISSING_EXPECTED
defi,AAVE_V3-BSC,liquidation_events,2026-06-28,SHOULD_HAVE_DATA,,False,False,False,0,MISSING_EXPECTED
defi,AAVE_V3-BSC,liquidation_events,2026-06-29,SHOULD_HAVE_DATA,,False,False,False,0,MISSING_EXPECTED
defi,AAVE_V3-BSC,position_data,2026-06-26,SHOULD_HAVE_DATA,,False,False,False,0,MISSING_EXPECTED
defi,AAVE_V3-BSC,position_data,2026-06-27,SHOULD_HAVE_DATA,,False,False,False,0,MISSING_EXPECTED
defi,AAVE_V3-BSC,position_data,2026-06-28,SHOULD_HAVE_DATA,,False,False,False,0,MISSING_EXPECTED
defi,AAVE_V3-BSC,position_data,2026-06-29,SHOULD_HAVE_DATA,,False,False,False,0,MISSING_EXPECTED
defi,AAVE_V3-BSC,risk_params,2026-06-26,SHOULD_HAVE_DATA,,False,False,False,0,MISSING_EXPECTED
defi,AAVE_V3-BSC,risk_params,2026-06-27,SHOULD_HAVE_DATA,,False,False,False,0,MISSING_EXPECTED
defi,AAVE_V3-BSC,risk_params,2026-06-28,SHOULD_HAVE_DATA,,False,False,False,0,MISSING_EXPECTED
defi,AAVE_V3-BSC,risk_params,2026-06-29,SHOULD_HAVE_DATA,,False,False,False,0,MISSING_EXPECTED
defi,AAVE_V3-ETHEREUM,flash_loan_events,2026-06-26,SHOULD_HAVE_DATA,,False,False,False,0,MISSING_EXPECTED
defi,AAVE_V3-ETHEREUM,flash_loan_events,2026-06-27,SHOULD_HAVE_DATA,,False,False,False,0,MISSING_EXPECTED
defi,AAVE_V3-ETHEREUM,flash_loan_events,2026-06-28,SHOULD_HAVE_DATA,,False,False,False,0,MISSING_EXPECTED
defi,AAVE_V3-ETHEREUM,flash_loan_events,2026-06-29,SHOULD_HAVE_DATA,,False,False,False,0,MISSING_EXPECTED
defi,AAVE_V3-ETHEREUM,lending_indices,2026-06-26,SHOULD_HAVE_DATA,,False,False,False,0,MISSING_EXPECTED
defi,AAVE_V3-ETHEREUM,lending_indices,2026-06-27,SHOULD_HAVE_DATA,,False,False,False,0,MISSING_EXPECTED
defi,AAVE_V3-ETHEREUM,lending_indices,2026-06-28,SHOULD_HAVE_DATA,,False,False,False,0,MISSING_EXPECTED
defi,AAVE_V3-ETHEREUM,lending_indices,2026-06-29,SHOULD_HAVE_DATA,,False,False,False,0,MISSING_EXPECTED
defi,AAVE_V3-ETHEREUM,liquidation_events,2026-06-26,SHOULD_HAVE_DATA,,False,False,False,0,MISSING_EXPECTED
defi,AAVE_V3-ETHEREUM,liquidation_events,2026-06-27,SHOULD_HAVE_DATA,,False,False,False,0,MISSING_EXPECTED
defi,AAVE_V3-ETHEREUM,liquidation_events,2026-06-28,SHOULD_HAVE_DATA,,False,False,False,0,MISSING_EXPECTED
defi,AAVE_V3-ETHEREUM,liquidation_events,2026-06-29,SHOULD_HAVE_DATA,,False,False,False,0,MISSING_EXPECTED
defi,AAVE_V3-ETHEREUM,position_data,2026-06-26,SHOULD_HAVE_DATA,,False,False,False,0,MISSING_EXPECTED
defi,AAVE_V3-ETHEREUM,position_data,2026-06-27,SHOULD_HAVE_DATA,,False,False,False,0,MISSING_EXPECTED
defi,AAVE_V3-ETHEREUM,position_data,2026-06-28,SHOULD_HAVE_DATA,,False,False,False,0,MISSING_EXPECTED
defi,AAVE_V3-ETHEREUM,position_data,2026-06-29,SHOULD_HAVE_DATA,,False,False,False,0,MISSING_EXPECTED
defi,AAVE_V3-ETHEREUM,risk_params,2026-06-26,SHOULD_HAVE_DATA,,False,False,False,0,MISSING_EXPECTED
defi,AAVE_V3-ETHEREUM,risk_params,2026-06-27,SHOULD_HAVE_DATA,,False,False,False,0,MISSING_EXPECTED
defi,AAVE_V3-ETHEREUM,risk_params,2026-06-28,SHOULD_HAVE_DATA,,False,False,False,0,MISSING_EXPECTED
defi,AAVE_V3-ETHEREUM,risk_params,2026-06-29,SHOULD_HAVE_DATA,,False,False,False,0,MISSING_EXPECTED
defi,AAVE_V3-LINEA,flash_loan_events,2026-06-26,SHOULD_HAVE_DATA,,False,False,False,0,MISSING_EXPECTED
defi,AAVE_V3-LINEA,flash_loan_events,2026-06-27,SHOULD_HAVE_DATA,,False,False,False,0,MISSING_EXPECTED
defi,AAVE_V3-LINEA,flash_loan_events,2026-06-28,SHOULD_HAVE_DATA,,False,False,False,0,MISSING_EXPECTED
defi,AAVE_V3-LINEA,flash_loan_events,2026-06-29,SHOULD_HAVE_DATA,,False,False,False,0,MISSING_EXPECTED
defi,AAVE_V3-LINEA,lending_indices,2026-06-26,SHOULD_HAVE_DATA,,False,False,False,0,MISSING_EXPECTED
defi,AAVE_V3-LINEA,lending_indices,2026-06-27,SHOULD_HAVE_DATA,,False,False,False,0,MISSING_EXPECTED
defi,AAVE_V3-LINEA,lending_indices,2026-06-28,SHOULD_HAVE_DATA,,False,False,False,0,MISSING_EXPECTED
defi,AAVE_V3-LINEA,lending_indices,2026-06-29,SHOULD_HAVE_DATA,,False,False,False,0,MISSING_EXPECTED
defi,AAVE_V3-LINEA,liquidation_events,2026-06-26,SHOULD_HAVE_DATA,,False,False,False,0,MISSING_EXPECTED
defi,AAVE_V3-LINEA,liquidation_events,2026-06-27,SHOULD_HAVE_DATA,,False,False,False,0,MISSING_EXPECTED
defi,AAVE_V3-LINEA,liquidation_events,2026-06-28,SHOULD_HAVE_DATA,,False,False,False,0,MISSING_EXPECTED
defi,AAVE_V3-LINEA,liquidation_events,2026-06-29,SHOULD_HAVE_DATA,,False,False,False,0,MISSING_EXPECTED
defi,AAVE_V3-LINEA,position_data,2026-06-26,SHOULD_HAVE_DATA,,False,False,False,0,MISSING_EXPECTED
defi,AAVE_V3-LINEA,position_data,2026-06-27,SHOULD_HAVE_DATA,,False,False,False,0,MISSING_EXPECTED
defi,AAVE_V3-LINEA,position_data,2026-06-28,SHOULD_HAVE_DATA,,False,False,False,0,MISSING_EXPECTED
defi,AAVE_V3-LINEA,position_data,2026-06-29,SHOULD_HAVE_DATA,,False,False,False,0,MISSING_EXPECTED
defi,AAVE_V3-LINEA,risk_params,2026-06-26,SHOULD_HAVE_DATA,,False,False,False,0,MISSING_EXPECTED
defi,AAVE_V3-LINEA,risk_params,2026-06-27,SHOULD_HAVE_DATA,,False,False,False,0,MISSING_EXPECTED
defi,AAVE_V3-LINEA,risk_params,2026-06-28,SHOULD_HAVE_DATA,,False,False,False,0,MISSING_EXPECTED
defi,AAVE_V3-LINEA,risk_params,2026-06-29,SHOULD_HAVE_DATA,,False,False,False,0,MISSING_EXPECTED
defi,AAVE_V3-OPTIMISM,flash_loan_events,2026-06-26,SHOULD_HAVE_DATA,,False,False,False,0,MISSING_EXPECTED
defi,AAVE_V3-OPTIMISM,flash_loan_events,2026-06-27,SHOULD_HAVE_DATA,,False,False,False,0,MISSING_EXPECTED
defi,AAVE_V3-OPTIMISM,flash_loan_events,2026-06-28,SHOULD_HAVE_DATA,,False,False,False,0,MISSING_EXPECTED
defi,AAVE_V3-OPTIMISM,flash_loan_events,2026-06-29,SHOULD_HAVE_DATA,,False,False,False,0,MISSING_EXPECTED
defi,AAVE_V3-OPTIMISM,lending_indices,2026-06-26,SHOULD_HAVE_DATA,,False,False,False,0,MISSING_EXPECTED
defi,AAVE_V3-OPTIMISM,lending_indices,2026-06-27,SHOULD_HAVE_DATA,,False,False,False,0,MISSING_EXPECTED
defi,AAVE_V3-OPTIMISM,lending_indices,2026-06-28,SHOULD_HAVE_DATA,,False,False,False,0,MISSING_EXPECTED
defi,AAVE_V3-OPTIMISM,lending_indices,2026-06-29,SHOULD_HAVE_DATA,,False,False,False,0,MISSING_EXPECTED
defi,AAVE_V3-OPTIMISM,liquidation_events,2026-06-26,SHOULD_HAVE_DATA,,False,False,False,0,MISSING_EXPECTED
defi,AAVE_V3-OPTIMISM,liquidation_events,2026-06-27,SHOULD_HAVE_DATA,,False,False,False,0,MISSING_EXPECTED
defi,AAVE_V3-OPTIMISM,liquidation_events,2026-06-28,SHOULD_HAVE_DATA,,False,False,False,0,MISSING_EXPECTED
defi,AAVE_V3-OPTIMISM,liquidation_events,2026-06-29,SHOULD_HAVE_DATA,,False,False,False,0,MISSING_EXPECTED
defi,AAVE_V3-OPTIMISM,position_data,2026-06-26,SHOULD_HAVE_DATA,,False,False,False,0,MISSING_EXPECTED
defi,AAVE_V3-OPTIMISM,position_data,2026-06-27,SHOULD_HAVE_DATA,,False,False,False,0,MISSING_EXPECTED
defi,AAVE_V3-OPTIMISM,position_data,2026-06-28,SHOULD_HAVE_DATA,,False,False,False,0,MISSING_EXPECTED
defi,AAVE_V3-OPTIMISM,position_data,2026-06-29,SHOULD_HAVE_DATA,,False,False,False,0,MISSING_EXPECTED
defi,AAVE_V3-OPTIMISM,risk_params,2026-06-26,SHOULD_HAVE_DATA,,False,False,False,0,MISSING_EXPECTED
defi,AAVE_V3-OPTIMISM,risk_params,2026-06-27,SHOULD_HAVE_DATA,,False,False,False,0,MISSING_EXPECTED
defi,AAVE_V3-OPTIMISM,risk_params,2026-06-28,SHOULD_HAVE_DATA,,False,False,False,0,MISSING_EXPECTED
defi,AAVE_V3-OPTIMISM,risk_params,2026-06-29,SHOULD_HAVE_DATA,,False,False,False,0,MISSING_EXPECTED
defi,AAVE_V3-POLYGON,flash_loan_events,2026-06-26,SHOULD_HAVE_DATA,,False,False,False,0,MISSING_EXPECTED
defi,AAVE_V3-POLYGON,flash_loan_events,2026-06-27,SHOULD_HAVE_DATA,,False,False,False,0,MISSING_EXPECTED
defi,AAVE_V3-POLYGON,flash_loan_events,2026-06-28,SHOULD_HAVE_DATA,,False,False,False,0,MISSING_EXPECTED
defi,AAVE_V3-POLYGON,flash_loan_events,2026-06-29,SHOULD_HAVE_DATA,,False,False,False,0,MISSING_EXPECTED
defi,AAVE_V3-POLYGON,lending_indices,2026-06-26,SHOULD_HAVE_DATA,,False,False,False,0,MISSING_EXPECTED
defi,AAVE_V3-POLYGON,lending_indices,2026-06-27,SHOULD_HAVE_DATA,,False,False,False,0,MISSING_EXPECTED
defi,AAVE_V3-POLYGON,lending_indices,2026-06-28,SHOULD_HAVE_DATA,,False,False,False,0,MISSING_EXPECTED
defi,AAVE_V3-POLYGON,lending_indices,2026-06-29,SHOULD_HAVE_DATA,,False,False,False,0,MISSING_EXPECTED
defi,AAVE_V3-POLYGON,liquidation_events,2026-06-26,SHOULD_HAVE_DATA,,False,False,False,0,MISSING_EXPECTED
defi,AAVE_V3-POLYGON,liquidation_events,2026-06-27,SHOULD_HAVE_DATA,,False,False,False,0,MISSING_EXPECTED
defi,AAVE_V3-POLYGON,liquidation_events,2026-06-28,SHOULD_HAVE_DATA,,False,False,False,0,MISSING_EXPECTED
defi,AAVE_V3-POLYGON,liquidation_events,2026-06-29,SHOULD_HAVE_DATA,,False,False,False,0,MISSING_EXPECTED
defi,AAVE_V3-POLYGON,position_data,2026-06-26,SHOULD_HAVE_DATA,,False,False,False,0,MISSING_EXPECTED
defi,AAVE_V3-POLYGON,position_data,2026-06-27,SHOULD_HAVE_DATA,,False,False,False,0,MISSING_EXPECTED
defi,AAVE_V3-POLYGON,position_data,2026-06-28,SHOULD_HAVE_DATA,,False,False,False,0,MISSING_EXPECTED
defi,AAVE_V3-POLYGON,position_data,2026-06-29,SHOULD_HAVE_DATA,,False,False,False,0,MISSING_EXPECTED
defi,AAVE_V3-POLYGON,risk_params,2026-06-26,SHOULD_HAVE_DATA,,False,False,False,0,MISSING_EXPECTED
defi,AAVE_V3-POLYGON,risk_params,2026-06-27,SHOULD_HAVE_DATA,,False,False,False,0,MISSING_EXPECTED
defi,AAVE_V3-POLYGON,risk_params,2026-06-28,SHOULD_HAVE_DATA,,False,False,False,0,MISSING_EXPECTED
defi,AAVE_V3-POLYGON,risk_params,2026-06-29,SHOULD_HAVE_DATA,,False,False,False,0,MISSING_EXPECTED
defi,AAVE_V3-SCROLL,flash_loan_events,2026-06-26,SHOULD_HAVE_DATA,,False,False,False,0,MISSING_EXPECTED
defi,AAVE_V3-SCROLL,flash_loan_events,2026-06-27,SHOULD_HAVE_DATA,,False,False,False,0,MISSING_EXPECTED
defi,AAVE_V3-SCROLL,flash_loan_events,2026-06-28,SHOULD_HAVE_DATA,,False,False,False,0,MISSING_EXPECTED
defi,AAVE_V3-SCROLL,flash_loan_events,2026-06-29,SHOULD_HAVE_DATA,,False,False,False,0,MISSING_EXPECTED
defi,AAVE_V3-SCROLL,lending_indices,2026-06-26,SHOULD_HAVE_DATA,,False,False,False,0,MISSING_EXPECTED
defi,AAVE_V3-SCROLL,lending_indices,2026-06-27,SHOULD_HAVE_DATA,,False,False,False,0,MISSING_EXPECTED
defi,AAVE_V3-SCROLL,lending_indices,2026-06-28,SHOULD_HAVE_DATA,,False,False,False,0,MISSING_EXPECTED
defi,AAVE_V3-SCROLL,lending_indices,2026-06-29,SHOULD_HAVE_DATA,,False,False,False,0,MISSING_EXPECTED
defi,AAVE_V3-SCROLL,liquidation_events,2026-06-26,SHOULD_HAVE_DATA,,False,False,False,0,MISSING_EXPECTED
defi,AAVE_V3-SCROLL,liquidation_events,2026-06-27,SHOULD_HAVE_DATA,,False,False,False,0,MISSING_EXPECTED
defi,AAVE_V3-SCROLL,liquidation_events,2026-06-28,SHOULD_HAVE_DATA,,False,False,False,0,MISSING_EXPECTED
defi,AAVE_V3-SCROLL,liquidation_events,2026-06-29,SHOULD_HAVE_DATA,,False,False,False,0,MISSING_EXPECTED
defi,AAVE_V3-SCROLL,position_data,2026-06-26,SHOULD_HAVE_DATA,,False,False,False,0,MISSING_EXPECTED
defi,AAVE_V3-SCROLL,position_data,2026-06-27,SHOULD_HAVE_DATA,,False,False,False,0,MISSING_EXPECTED
defi,AAVE_V3-SCROLL,position_data,2026-06-28,SHOULD_HAVE_DATA,,False,False,False,0,MISSING_EXPECTED
defi,AAVE_V3-SCROLL,position_data,2026-06-29,SHOULD_HAVE_DATA,,False,False,False,0,MISSING_EXPECTED
defi,AAVE_V3-SCROLL,risk_params,2026-06-26,SHOULD_HAVE_DATA,,False,False,False,0,MISSING_EXPECTED
defi,AAVE_V3-SCROLL,risk_params,2026-06-27,SHOULD_HAVE_DATA,,False,False,False,0,MISSING_EXPECTED
defi,AAVE_V3-SCROLL,risk_params,2026-06-28,SHOULD_HAVE_DATA,,False,False,False,0,MISSING_EXPECTED
defi,AAVE_V3-SCROLL,risk_params,2026-06-29,SHOULD_HAVE_DATA,,False,False,False,0,MISSING_EXPECTED
defi,AAVE_V3-ZKSYNC,flash_loan_events,2026-06-26,SHOULD_HAVE_DATA,,False,False,False,0,MISSING_EXPECTED
defi,AAVE_V3-ZKSYNC,flash_loan_events,2026-06-27,SHOULD_HAVE_DATA,,False,False,False,0,MISSING_EXPECTED
defi,AAVE_V3-ZKSYNC,flash_loan_events,2026-06-28,SHOULD_HAVE_DATA,,False,False,False,0,MISSING_EXPECTED
defi,AAVE_V3-ZKSYNC,flash_loan_events,2026-06-29,SHOULD_HAVE_DATA,,False,False,False,0,MISSING_EXPECTED
defi,AAVE_V3-ZKSYNC,lending_indices,2026-06-26,SHOULD_HAVE_DATA,,False,False,False,0,MISSING_EXPECTED
defi,AAVE_V3-ZKSYNC,lending_indices,2026-06-27,SHOULD_HAVE_DATA,,False,False,False,0,MISSING_EXPECTED
defi,AAVE_V3-ZKSYNC,lending_indices,2026-06-28,SHOULD_HAVE_DATA,,False,False,False,0,MISSING_EXPECTED
defi,AAVE_V3-ZKSYNC,lending_indices,2026-06-29,SHOULD_HAVE_DATA,,False,False,False,0,MISSING_EXPECTED
defi,AAVE_V3-ZKSYNC,liquidation_events,2026-06-26,SHOULD_HAVE_DATA,,False,False,False,0,MISSING_EXPECTED
defi,AAVE_V3-ZKSYNC,liquidation_events,2026-06-27,SHOULD_HAVE_DATA,,False,False,False,0,MISSING_EXPECTED
defi,AAVE_V3-ZKSYNC,liquidation_events,2026-06-28,SHOULD_HAVE_DATA,,False,False,False,0,MISSING_EXPECTED
defi,AAVE_V3-ZKSYNC,liquidation_events,2026-06-29,SHOULD_HAVE_DATA,,False,False,False,0,MISSING_EXPECTED
defi,AAVE_V3-ZKSYNC,position_data,2026-06-26,SHOULD_HAVE_DATA,,False,False,False,0,MISSING_EXPECTED
defi,AAVE_V3-ZKSYNC,position_data,2026-06-27,SHOULD_HAVE_DATA,,False,False,False,0,MISSING_EXPECTED
defi,AAVE_V3-ZKSYNC,position_data,2026-06-28,SHOULD_HAVE_DATA,,False,False,False,0,MISSING_EXPECTED
defi,AAVE_V3-ZKSYNC,position_data,2026-06-29,SHOULD_HAVE_DATA,,False,False,False,0,MISSING_EXPECTED
defi,AAVE_V3-ZKSYNC,risk_params,2026-06-26,SHOULD_HAVE_DATA,,False,False,False,0,MISSING_EXPECTED
defi,AAVE_V3-ZKSYNC,risk_params,2026-06-27,SHOULD_HAVE_DATA,,False,False,False,0,MISSING_EXPECTED
defi,AAVE_V3-ZKSYNC,risk_params,2026-06-28,SHOULD_HAVE_DATA,,False,False,False,0,MISSING_EXPECTED
defi,AAVE_V3-ZKSYNC,risk_params,2026-06-29,SHOULD_HAVE_DATA,,False,False,False,0,MISSING_EXPECTED
defi,ACROSS,bridge_events,2026-06-26,SHOULD_HAVE_DATA,,False,False,False,0,MISSING_EXPECTED
defi,ACROSS,bridge_events,2026-06-27,SHOULD_HAVE_DATA,,False,False,False,0,MISSING_EXPECTED
defi,ACROSS,bridge_events,2026-06-28,SHOULD_HAVE_DATA,,False,False,False,0,MISSING_EXPECTED
defi,ACROSS,bridge_events,2026-06-29,SHOULD_HAVE_DATA,,False,False,False,0,MISSING_EXPECTED
defi,AERODROME_V3,dex_pool_state,2026-06-26,SHOULD_HAVE_DATA,,False,False,False,0,MISSING_EXPECTED
defi,AERODROME_V3,dex_pool_state,2026-06-27,SHOULD_HAVE_DATA,,False,False,False,0,MISSING_EXPECTED
defi,AERODROME_V3,dex_pool_state,2026-06-28,SHOULD_HAVE_DATA,,False,False,False,0,MISSING_EXPECTED
defi,AERODROME_V3,dex_pool_state,2026-06-29,SHOULD_HAVE_DATA,,False,False,False,0,MISSING_EXPECTED
defi,AERODROME_V3,dex_pool_swaps,2026-06-26,SHOULD_HAVE_DATA,,False,False,False,0,MISSING_EXPECTED
defi,AERODROME_V3,dex_pool_swaps,2026-06-27,SHOULD_HAVE_DATA,,False,False,False,0,MISSING_EXPECTED
defi,AERODROME_V3,dex_pool_swaps,2026-06-28,SHOULD_HAVE_DATA,,False,False,False,0,MISSING_EXPECTED
defi,AERODROME_V3,dex_pool_swaps,2026-06-29,SHOULD_HAVE_DATA,,False,False,False,0,MISSING_EXPECTED
defi,ALCHEMY,gas_fees,2026-06-26,SHOULD_HAVE_DATA,,False,False,True,1,ATTEMPTED_FAILED
defi,ALCHEMY,gas_fees,2026-06-27,SHOULD_HAVE_DATA,,False,False,True,1,ATTEMPTED_FAILED
defi,ALCHEMY,gas_fees,2026-06-28,SHOULD_HAVE_DATA,,False,False,True,1,ATTEMPTED_FAILED
defi,ALCHEMY,gas_fees,2026-06-29,SHOULD_HAVE_DATA,,False,False,True,1,ATTEMPTED_FAILED
defi,ALCHEMY,token_transfers,2026-06-26,SHOULD_HAVE_DATA,,False,False,False,0,MISSING_EXPECTED
defi,ALCHEMY,token_transfers,2026-06-27,SHOULD_HAVE_DATA,,False,False,False,0,MISSING_EXPECTED
defi,ALCHEMY,token_transfers,2026-06-28,SHOULD_HAVE_DATA,,False,False,False,0,MISSING_EXPECTED
defi,ALCHEMY,token_transfers,2026-06-29,SHOULD_HAVE_DATA,,False,False,False,0,MISSING_EXPECTED
defi,ANKR,lst_rates,2026-06-26,SHOULD_HAVE_DATA,,False,False,False,0,MISSING_EXPECTED
defi,ANKR,lst_rates,2026-06-27,SHOULD_HAVE_DATA,,False,False,False,0,MISSING_EXPECTED
defi,ANKR,lst_rates,2026-06-28,SHOULD_HAVE_DATA,,False,False,False,0,MISSING_EXPECTED
defi,ANKR,lst_rates,2026-06-29,SHOULD_HAVE_DATA,,False,False,False,0,MISSING_EXPECTED
defi,ANKR,staking_yields,2026-06-26,SHOULD_HAVE_DATA,,False,False,False,0,MISSING_EXPECTED
defi,ANKR,staking_yields,2026-06-27,SHOULD_HAVE_DATA,,False,False,False,0,MISSING_EXPECTED
defi,ANKR,staking_yields,2026-06-28,SHOULD_HAVE_DATA,,False,False,False,0,MISSING_EXPECTED
defi,ANKR,staking_yields,2026-06-29,SHOULD_HAVE_DATA,,False,False,False,0,MISSING_EXPECTED
defi,ASTER,perp_funding,2026-06-26,SHOULD_HAVE_DATA,,False,False,False,0,MISSING_EXPECTED
defi,ASTER,perp_funding,2026-06-27,SHOULD_HAVE_DATA,,False,False,False,0,MISSING_EXPECTED
defi,ASTER,perp_funding,2026-06-28,SHOULD_HAVE_DATA,,False,False,False,0,MISSING_EXPECTED
defi,ASTER,perp_funding,2026-06-29,SHOULD_HAVE_DATA,,False,False,False,0,MISSING_EXPECTED
defi,BALANCER,dex_pool_state,2026-06-26,SHOULD_HAVE_DATA,,False,False,False,0,MISSING_EXPECTED
defi,BALANCER,dex_pool_state,2026-06-27,SHOULD_HAVE_DATA,,False,False,False,0,MISSING_EXPECTED
defi,BALANCER,dex_pool_state,2026-06-28,SHOULD_HAVE_DATA,,False,False,False,0,MISSING_EXPECTED
defi,BALANCER,dex_pool_state,2026-06-29,SHOULD_HAVE_DATA,,False,False,False,0,MISSING_EXPECTED
defi,BALANCER,dex_pool_swaps,2026-06-26,SHOULD_HAVE_DATA,,False,False,False,0,MISSING_EXPECTED
defi,BALANCER,dex_pool_swaps,2026-06-27,SHOULD_HAVE_DATA,,False,False,False,0,MISSING_EXPECTED
defi,BALANCER,dex_pool_swaps,2026-06-28,SHOULD_HAVE_DATA,,False,False,False,0,MISSING_EXPECTED
defi,BALANCER,dex_pool_swaps,2026-06-29,SHOULD_HAVE_DATA,,False,False,False,0,MISSING_EXPECTED
defi,BALANCER-ARBITRUM,dex_pool_state,2026-06-26,SHOULD_HAVE_DATA,,False,False,False,0,MISSING_EXPECTED
defi,BALANCER-ARBITRUM,dex_pool_state,2026-06-27,SHOULD_HAVE_DATA,,False,False,False,0,MISSING_EXPECTED
defi,BALANCER-ARBITRUM,dex_pool_state,2026-06-28,SHOULD_HAVE_DATA,,False,False,False,0,MISSING_EXPECTED
defi,BALANCER-ARBITRUM,dex_pool_state,2026-06-29,SHOULD_HAVE_DATA,,False,False,False,0,MISSING_EXPECTED
defi,BALANCER-ARBITRUM,dex_pool_swaps,2026-06-26,SHOULD_HAVE_DATA,,False,False,False,0,MISSING_EXPECTED
defi,BALANCER-ARBITRUM,dex_pool_swaps,2026-06-27,SHOULD_HAVE_DATA,,False,False,False,0,MISSING_EXPECTED
defi,BALANCER-ARBITRUM,dex_pool_swaps,2026-06-28,SHOULD_HAVE_DATA,,False,False,False,0,MISSING_EXPECTED
defi,BALANCER-ARBITRUM,dex_pool_swaps,2026-06-29,SHOULD_HAVE_DATA,,False,False,False,0,MISSING_EXPECTED
defi,BALANCER-AVALANCHE,dex_pool_state,2026-06-26,SHOULD_HAVE_DATA,,False,False,False,0,MISSING_EXPECTED
defi,BALANCER-AVALANCHE,dex_pool_state,2026-06-27,SHOULD_HAVE_DATA,,False,False,False,0,MISSING_EXPECTED
defi,BALANCER-AVALANCHE,dex_pool_state,2026-06-28,SHOULD_HAVE_DATA,,False,False,False,0,MISSING_EXPECTED
defi,BALANCER-AVALANCHE,dex_pool_state,2026-06-29,SHOULD_HAVE_DATA,,False,False,False,0,MISSING_EXPECTED
defi,BALANCER-AVALANCHE,dex_pool_swaps,2026-06-26,SHOULD_HAVE_DATA,,False,False,False,0,MISSING_EXPECTED
defi,BALANCER-AVALANCHE,dex_pool_swaps,2026-06-27,SHOULD_HAVE_DATA,,False,False,False,0,MISSING_EXPECTED
defi,BALANCER-AVALANCHE,dex_pool_swaps,2026-06-28,SHOULD_HAVE_DATA,,False,False,False,0,MISSING_EXPECTED
defi,BALANCER-AVALANCHE,dex_pool_swaps,2026-06-29,SHOULD_HAVE_DATA,,False,False,False,0,MISSING_EXPECTED
defi,BALANCER-BASE,dex_pool_state,2026-06-26,SHOULD_HAVE_DATA,,False,False,False,0,MISSING_EXPECTED
defi,BALANCER-BASE,dex_pool_state,2026-06-27,SHOULD_HAVE_DATA,,False,False,False,0,MISSING_EXPECTED
defi,BALANCER-BASE,dex_pool_state,2026-06-28,SHOULD_HAVE_DATA,,False,False,False,0,MISSING_EXPECTED
defi,BALANCER-BASE,dex_pool_state,2026-06-29,SHOULD_HAVE_DATA,,False,False,False,0,MISSING_EXPECTED
defi,BALANCER-BASE,dex_pool_swaps,2026-06-26,SHOULD_HAVE_DATA,,False,False,False,0,MISSING_EXPECTED
defi,BALANCER-BASE,dex_pool_swaps,2026-06-27,SHOULD_HAVE_DATA,,False,False,False,0,MISSING_EXPECTED
defi,BALANCER-BASE,dex_pool_swaps,2026-06-28,SHOULD_HAVE_DATA,,False,False,False,0,MISSING_EXPECTED
defi,BALANCER-BASE,dex_pool_swaps,2026-06-29,SHOULD_HAVE_DATA,,False,False,False,0,MISSING_EXPECTED
defi,BALANCER-ETHEREUM,dex_pool_state,2026-06-26,SHOULD_HAVE_DATA,,False,False,False,0,MISSING_EXPECTED
defi,BALANCER-ETHEREUM,dex_pool_state,2026-06-27,SHOULD_HAVE_DATA,,False,False,False,0,MISSING_EXPECTED
defi,BALANCER-ETHEREUM,dex_pool_state,2026-06-28,SHOULD_HAVE_DATA,,False,False,False,0,MISSING_EXPECTED
defi,BALANCER-ETHEREUM,dex_pool_state,2026-06-29,SHOULD_HAVE_DATA,,False,False,False,0,MISSING_EXPECTED
defi,BALANCER-ETHEREUM,dex_pool_swaps,2026-06-26,SHOULD_HAVE_DATA,,False,False,False,0,MISSING_EXPECTED
defi,BALANCER-ETHEREUM,dex_pool_swaps,2026-06-27,SHOULD_HAVE_DATA,,False,False,False,0,MISSING_EXPECTED
defi,BALANCER-ETHEREUM,dex_pool_swaps,2026-06-28,SHOULD_HAVE_DATA,,False,False,False,0,MISSING_EXPECTED
defi,BALANCER-ETHEREUM,dex_pool_swaps,2026-06-29,SHOULD_HAVE_DATA,,False,False,False,0,MISSING_EXPECTED
defi,BALANCER-OPTIMISM,dex_pool_state,2026-06-26,SHOULD_HAVE_DATA,,False,False,False,0,MISSING_EXPECTED
defi,BALANCER-OPTIMISM,dex_pool_state,2026-06-27,SHOULD_HAVE_DATA,,False,False,False,0,MISSING_EXPECTED
defi,BALANCER-OPTIMISM,dex_pool_state,2026-06-28,SHOULD_HAVE_DATA,,False,False,False,0,MISSING_EXPECTED
defi,BALANCER-OPTIMISM,dex_pool_state,2026-06-29,SHOULD_HAVE_DATA,,False,False,False,0,MISSING_EXPECTED
defi,BALANCER-OPTIMISM,dex_pool_swaps,2026-06-26,SHOULD_HAVE_DATA,,False,False,False,0,MISSING_EXPECTED
defi,BALANCER-OPTIMISM,dex_pool_swaps,2026-06-27,SHOULD_HAVE_DATA,,False,False,False,0,MISSING_EXPECTED
defi,BALANCER-OPTIMISM,dex_pool_swaps,2026-06-28,SHOULD_HAVE_DATA,,False,False,False,0,MISSING_EXPECTED
defi,BALANCER-OPTIMISM,dex_pool_swaps,2026-06-29,SHOULD_HAVE_DATA,,False,False,False,0,MISSING_EXPECTED
defi,BALANCER-POLYGON,dex_pool_state,2026-06-26,SHOULD_HAVE_DATA,,False,False,False,0,MISSING_EXPECTED
defi,BALANCER-POLYGON,dex_pool_state,2026-06-27,SHOULD_HAVE_DATA,,False,False,False,0,MISSING_EXPECTED
defi,BALANCER-POLYGON,dex_pool_state,2026-06-28,SHOULD_HAVE_DATA,,False,False,False,0,MISSING_EXPECTED
defi,BALANCER-POLYGON,dex_pool_state,2026-06-29,SHOULD_HAVE_DATA,,False,False,False,0,MISSING_EXPECTED
defi,BALANCER-POLYGON,dex_pool_swaps,2026-06-26,SHOULD_HAVE_DATA,,False,False,False,0,MISSING_EXPECTED
defi,BALANCER-POLYGON,dex_pool_swaps,2026-06-27,SHOULD_HAVE_DATA,,False,False,False,0,MISSING_EXPECTED
defi,BALANCER-POLYGON,dex_pool_swaps,2026-06-28,SHOULD_HAVE_DATA,,False,False,False,0,MISSING_EXPECTED
defi,BALANCER-POLYGON,dex_pool_swaps,2026-06-29,SHOULD_HAVE_DATA,,False,False,False,0,MISSING_EXPECTED
defi,CAMELOT_V3,dex_pool_state,2026-06-26,SHOULD_HAVE_DATA,,False,False,False,0,MISSING_EXPECTED
defi,CAMELOT_V3,dex_pool_state,2026-06-27,SHOULD_HAVE_DATA,,False,False,False,0,MISSING_EXPECTED
defi,CAMELOT_V3,dex_pool_state,2026-06-28,SHOULD_HAVE_DATA,,False,False,False,0,MISSING_EXPECTED
defi,CAMELOT_V3,dex_pool_state,2026-06-29,SHOULD_HAVE_DATA,,False,False,False,0,MISSING_EXPECTED
defi,CAMELOT_V3,dex_pool_swaps,2026-06-26,SHOULD_HAVE_DATA,,False,False,False,0,MISSING_EXPECTED
defi,CAMELOT_V3,dex_pool_swaps,2026-06-27,SHOULD_HAVE_DATA,,False,False,False,0,MISSING_EXPECTED
defi,CAMELOT_V3,dex_pool_swaps,2026-06-28,SHOULD_HAVE_DATA,,False,False,False,0,MISSING_EXPECTED
defi,CAMELOT_V3,dex_pool_swaps,2026-06-29,SHOULD_HAVE_DATA,,False,False,False,0,MISSING_EXPECTED
defi,CHAINLINK,oracle_prices,2026-06-26,SHOULD_HAVE_DATA,,False,False,False,0,MISSING_EXPECTED
defi,CHAINLINK,oracle_prices,2026-06-27,SHOULD_HAVE_DATA,,False,False,False,0,MISSING_EXPECTED
defi,CHAINLINK,oracle_prices,2026-06-28,SHOULD_HAVE_DATA,,False,False,False,0,MISSING_EXPECTED
defi,CHAINLINK,oracle_prices,2026-06-29,SHOULD_HAVE_DATA,,False,False,False,0,MISSING_EXPECTED
defi,COINBASE,lst_rates,2026-06-26,SHOULD_HAVE_DATA,,False,False,False,0,MISSING_EXPECTED
defi,COINBASE,lst_rates,2026-06-27,SHOULD_HAVE_DATA,,False,False,False,0,MISSING_EXPECTED
defi,COINBASE,lst_rates,2026-06-28,SHOULD_HAVE_DATA,,False,False,False,0,MISSING_EXPECTED
defi,COINBASE,lst_rates,2026-06-29,SHOULD_HAVE_DATA,,False,False,False,0,MISSING_EXPECTED
defi,COINBASE,staking_yields,2026-06-26,SHOULD_HAVE_DATA,,False,False,False,0,MISSING_EXPECTED
defi,COINBASE,staking_yields,2026-06-27,SHOULD_HAVE_DATA,,False,False,False,0,MISSING_EXPECTED
defi,COINBASE,staking_yields,2026-06-28,SHOULD_HAVE_DATA,,False,False,False,0,MISSING_EXPECTED
defi,COINBASE,staking_yields,2026-06-29,SHOULD_HAVE_DATA,,False,False,False,0,MISSING_EXPECTED
defi,COMPOUND,governance_events,2026-06-26,SHOULD_HAVE_DATA,,False,False,False,0,MISSING_EXPECTED
defi,COMPOUND,governance_events,2026-06-27,SHOULD_HAVE_DATA,,False,False,False,0,MISSING_EXPECTED
defi,COMPOUND,governance_events,2026-06-28,SHOULD_HAVE_DATA,,False,False,False,0,MISSING_EXPECTED
defi,COMPOUND,governance_events,2026-06-29,SHOULD_HAVE_DATA,,False,False,False,0,MISSING_EXPECTED
defi,COMPOUND_V3,lending_indices,2026-06-26,SHOULD_HAVE_DATA,,False,False,False,0,MISSING_EXPECTED
defi,COMPOUND_V3,lending_indices,2026-06-27,SHOULD_HAVE_DATA,,False,False,False,0,MISSING_EXPECTED
defi,COMPOUND_V3,lending_indices,2026-06-28,SHOULD_HAVE_DATA,,False,False,False,0,MISSING_EXPECTED
defi,COMPOUND_V3,lending_indices,2026-06-29,SHOULD_HAVE_DATA,,False,False,False,0,MISSING_EXPECTED
defi,COMPOUND_V3,liquidation_events,2026-06-26,SHOULD_HAVE_DATA,,False,False,False,0,MISSING_EXPECTED
defi,COMPOUND_V3,liquidation_events,2026-06-27,SHOULD_HAVE_DATA,,False,False,False,0,MISSING_EXPECTED
defi,COMPOUND_V3,liquidation_events,2026-06-28,SHOULD_HAVE_DATA,,False,False,False,0,MISSING_EXPECTED
defi,COMPOUND_V3,liquidation_events,2026-06-29,SHOULD_HAVE_DATA,,False,False,False,0,MISSING_EXPECTED
defi,COMPOUND_V3,position_data,2026-06-26,SHOULD_HAVE_DATA,,False,False,False,0,MISSING_EXPECTED
defi,COMPOUND_V3,position_data,2026-06-27,SHOULD_HAVE_DATA,,False,False,False,0,MISSING_EXPECTED
defi,COMPOUND_V3,position_data,2026-06-28,SHOULD_HAVE_DATA,,False,False,False,0,MISSING_EXPECTED
defi,COMPOUND_V3,position_data,2026-06-29,SHOULD_HAVE_DATA,,False,False,False,0,MISSING_EXPECTED
defi,COMPOUND_V3,risk_params,2026-06-26,SHOULD_HAVE_DATA,,False,False,False,0,MISSING_EXPECTED
defi,COMPOUND_V3,risk_params,2026-06-27,SHOULD_HAVE_DATA,,False,False,False,0,MISSING_EXPECTED
defi,COMPOUND_V3,risk_params,2026-06-28,SHOULD_HAVE_DATA,,False,False,False,0,MISSING_EXPECTED
defi,COMPOUND_V3,risk_params,2026-06-29,SHOULD_HAVE_DATA,,False,False,False,0,MISSING_EXPECTED
defi,COMPOUND_V3-ARBITRUM,lending_indices,2026-06-26,SHOULD_HAVE_DATA,,False,False,False,0,MISSING_EXPECTED
defi,COMPOUND_V3-ARBITRUM,lending_indices,2026-06-27,SHOULD_HAVE_DATA,,False,False,False,0,MISSING_EXPECTED
defi,COMPOUND_V3-ARBITRUM,lending_indices,2026-06-28,SHOULD_HAVE_DATA,,False,False,False,0,MISSING_EXPECTED
defi,COMPOUND_V3-ARBITRUM,lending_indices,2026-06-29,SHOULD_HAVE_DATA,,False,False,False,0,MISSING_EXPECTED
defi,COMPOUND_V3-ARBITRUM,liquidation_events,2026-06-26,SHOULD_HAVE_DATA,,False,False,False,0,MISSING_EXPECTED
defi,COMPOUND_V3-ARBITRUM,liquidation_events,2026-06-27,SHOULD_HAVE_DATA,,False,False,False,0,MISSING_EXPECTED
defi,COMPOUND_V3-ARBITRUM,liquidation_events,2026-06-28,SHOULD_HAVE_DATA,,False,False,False,0,MISSING_EXPECTED
defi,COMPOUND_V3-ARBITRUM,liquidation_events,2026-06-29,SHOULD_HAVE_DATA,,False,False,False,0,MISSING_EXPECTED
defi,COMPOUND_V3-ARBITRUM,position_data,2026-06-26,SHOULD_HAVE_DATA,,False,False,False,0,MISSING_EXPECTED
defi,COMPOUND_V3-ARBITRUM,position_data,2026-06-27,SHOULD_HAVE_DATA,,False,False,False,0,MISSING_EXPECTED
defi,COMPOUND_V3-ARBITRUM,position_data,2026-06-28,SHOULD_HAVE_DATA,,False,False,False,0,MISSING_EXPECTED
defi,COMPOUND_V3-ARBITRUM,position_data,2026-06-29,SHOULD_HAVE_DATA,,False,False,False,0,MISSING_EXPECTED
defi,COMPOUND_V3-ARBITRUM,risk_params,2026-06-26,SHOULD_HAVE_DATA,,False,False,False,0,MISSING_EXPECTED
defi,COMPOUND_V3-ARBITRUM,risk_params,2026-06-27,SHOULD_HAVE_DATA,,False,False,False,0,MISSING_EXPECTED
defi,COMPOUND_V3-ARBITRUM,risk_params,2026-06-28,SHOULD_HAVE_DATA,,False,False,False,0,MISSING_EXPECTED
defi,COMPOUND_V3-ARBITRUM,risk_params,2026-06-29,SHOULD_HAVE_DATA,,False,False,False,0,MISSING_EXPECTED
defi,COMPOUND_V3-BASE,lending_indices,2026-06-26,SHOULD_HAVE_DATA,,False,False,False,0,MISSING_EXPECTED
defi,COMPOUND_V3-BASE,lending_indices,2026-06-27,SHOULD_HAVE_DATA,,False,False,False,0,MISSING_EXPECTED
defi,COMPOUND_V3-BASE,lending_indices,2026-06-28,SHOULD_HAVE_DATA,,False,False,False,0,MISSING_EXPECTED
defi,COMPOUND_V3-BASE,lending_indices,2026-06-29,SHOULD_HAVE_DATA,,False,False,False,0,MISSING_EXPECTED
defi,COMPOUND_V3-BASE,liquidation_events,2026-06-26,SHOULD_HAVE_DATA,,False,False,False,0,MISSING_EXPECTED
defi,COMPOUND_V3-BASE,liquidation_events,2026-06-27,SHOULD_HAVE_DATA,,False,False,False,0,MISSING_EXPECTED
defi,COMPOUND_V3-BASE,liquidation_events,2026-06-28,SHOULD_HAVE_DATA,,False,False,False,0,MISSING_EXPECTED
defi,COMPOUND_V3-BASE,liquidation_events,2026-06-29,SHOULD_HAVE_DATA,,False,False,False,0,MISSING_EXPECTED
defi,COMPOUND_V3-BASE,position_data,2026-06-26,SHOULD_HAVE_DATA,,False,False,False,0,MISSING_EXPECTED
defi,COMPOUND_V3-BASE,position_data,2026-06-27,SHOULD_HAVE_DATA,,False,False,False,0,MISSING_EXPECTED
defi,COMPOUND_V3-BASE,position_data,2026-06-28,SHOULD_HAVE_DATA,,False,False,False,0,MISSING_EXPECTED
defi,COMPOUND_V3-BASE,position_data,2026-06-29,SHOULD_HAVE_DATA,,False,False,False,0,MISSING_EXPECTED
defi,COMPOUND_V3-BASE,risk_params,2026-06-26,SHOULD_HAVE_DATA,,False,False,False,0,MISSING_EXPECTED
defi,COMPOUND_V3-BASE,risk_params,2026-06-27,SHOULD_HAVE_DATA,,False,False,False,0,MISSING_EXPECTED
defi,COMPOUND_V3-BASE,risk_params,2026-06-28,SHOULD_HAVE_DATA,,False,False,False,0,MISSING_EXPECTED
defi,COMPOUND_V3-BASE,risk_params,2026-06-29,SHOULD_HAVE_DATA,,False,False,False,0,MISSING_EXPECTED
defi,COMPOUND_V3-ETHEREUM,lending_indices,2026-06-26,SHOULD_HAVE_DATA,,False,False,False,0,MISSING_EXPECTED
defi,COMPOUND_V3-ETHEREUM,lending_indices,2026-06-27,SHOULD_HAVE_DATA,,False,False,False,0,MISSING_EXPECTED
defi,COMPOUND_V3-ETHEREUM,lending_indices,2026-06-28,SHOULD_HAVE_DATA,,False,False,False,0,MISSING_EXPECTED
defi,COMPOUND_V3-ETHEREUM,lending_indices,2026-06-29,SHOULD_HAVE_DATA,,False,False,False,0,MISSING_EXPECTED
defi,COMPOUND_V3-ETHEREUM,liquidation_events,2026-06-26,SHOULD_HAVE_DATA,,False,False,False,0,MISSING_EXPECTED
defi,COMPOUND_V3-ETHEREUM,liquidation_events,2026-06-27,SHOULD_HAVE_DATA,,False,False,False,0,MISSING_EXPECTED
defi,COMPOUND_V3-ETHEREUM,liquidation_events,2026-06-28,SHOULD_HAVE_DATA,,False,False,False,0,MISSING_EXPECTED
defi,COMPOUND_V3-ETHEREUM,liquidation_events,2026-06-29,SHOULD_HAVE_DATA,,False,False,False,0,MISSING_EXPECTED
defi,COMPOUND_V3-ETHEREUM,position_data,2026-06-26,SHOULD_HAVE_DATA,,False,False,False,0,MISSING_EXPECTED
defi,COMPOUND_V3-ETHEREUM,position_data,2026-06-27,SHOULD_HAVE_DATA,,False,False,False,0,MISSING_EXPECTED
defi,COMPOUND_V3-ETHEREUM,position_data,2026-06-28,SHOULD_HAVE_DATA,,False,False,False,0,MISSING_EXPECTED
defi,COMPOUND_V3-ETHEREUM,position_data,2026-06-29,SHOULD_HAVE_DATA,,False,False,False,0,MISSING_EXPECTED
defi,COMPOUND_V3-ETHEREUM,risk_params,2026-06-26,SHOULD_HAVE_DATA,,False,False,False,0,MISSING_EXPECTED
defi,COMPOUND_V3-ETHEREUM,risk_params,2026-06-27,SHOULD_HAVE_DATA,,False,False,False,0,MISSING_EXPECTED
defi,COMPOUND_V3-ETHEREUM,risk_params,2026-06-28,SHOULD_HAVE_DATA,,False,False,False,0,MISSING_EXPECTED
defi,COMPOUND_V3-ETHEREUM,risk_params,2026-06-29,SHOULD_HAVE_DATA,,False,False,False,0,MISSING_EXPECTED
defi,COMPOUND_V3-OPTIMISM,lending_indices,2026-06-26,SHOULD_HAVE_DATA,,False,False,False,0,MISSING_EXPECTED
defi,COMPOUND_V3-OPTIMISM,lending_indices,2026-06-27,SHOULD_HAVE_DATA,,False,False,False,0,MISSING_EXPECTED
defi,COMPOUND_V3-OPTIMISM,lending_indices,2026-06-28,SHOULD_HAVE_DATA,,False,False,False,0,MISSING_EXPECTED
defi,COMPOUND_V3-OPTIMISM,lending_indices,2026-06-29,SHOULD_HAVE_DATA,,False,False,False,0,MISSING_EXPECTED
defi,COMPOUND_V3-OPTIMISM,liquidation_events,2026-06-26,SHOULD_HAVE_DATA,,False,False,False,0,MISSING_EXPECTED
defi,COMPOUND_V3-OPTIMISM,liquidation_events,2026-06-27,SHOULD_HAVE_DATA,,False,False,False,0,MISSING_EXPECTED
defi,COMPOUND_V3-OPTIMISM,liquidation_events,2026-06-28,SHOULD_HAVE_DATA,,False,False,False,0,MISSING_EXPECTED
defi,COMPOUND_V3-OPTIMISM,liquidation_events,2026-06-29,SHOULD_HAVE_DATA,,False,False,False,0,MISSING_EXPECTED
defi,COMPOUND_V3-OPTIMISM,position_data,2026-06-26,SHOULD_HAVE_DATA,,False,False,False,0,MISSING_EXPECTED
defi,COMPOUND_V3-OPTIMISM,position_data,2026-06-27,SHOULD_HAVE_DATA,,False,False,False,0,MISSING_EXPECTED
defi,COMPOUND_V3-OPTIMISM,position_data,2026-06-28,SHOULD_HAVE_DATA,,False,False,False,0,MISSING_EXPECTED
defi,COMPOUND_V3-OPTIMISM,position_data,2026-06-29,SHOULD_HAVE_DATA,,False,False,False,0,MISSING_EXPECTED
defi,COMPOUND_V3-OPTIMISM,risk_params,2026-06-26,SHOULD_HAVE_DATA,,False,False,False,0,MISSING_EXPECTED
defi,COMPOUND_V3-OPTIMISM,risk_params,2026-06-27,SHOULD_HAVE_DATA,,False,False,False,0,MISSING_EXPECTED
defi,COMPOUND_V3-OPTIMISM,risk_params,2026-06-28,SHOULD_HAVE_DATA,,False,False,False,0,MISSING_EXPECTED
defi,COMPOUND_V3-OPTIMISM,risk_params,2026-06-29,SHOULD_HAVE_DATA,,False,False,False,0,MISSING_EXPECTED
defi,COMPOUND_V3-POLYGON,lending_indices,2026-06-26,SHOULD_HAVE_DATA,,False,False,False,0,MISSING_EXPECTED
defi,COMPOUND_V3-POLYGON,lending_indices,2026-06-27,SHOULD_HAVE_DATA,,False,False,False,0,MISSING_EXPECTED
defi,COMPOUND_V3-POLYGON,lending_indices,2026-06-28,SHOULD_HAVE_DATA,,False,False,False,0,MISSING_EXPECTED
defi,COMPOUND_V3-POLYGON,lending_indices,2026-06-29,SHOULD_HAVE_DATA,,False,False,False,0,MISSING_EXPECTED
defi,COMPOUND_V3-POLYGON,liquidation_events,2026-06-26,SHOULD_HAVE_DATA,,False,False,False,0,MISSING_EXPECTED
defi,COMPOUND_V3-POLYGON,liquidation_events,2026-06-27,SHOULD_HAVE_DATA,,False,False,False,0,MISSING_EXPECTED
defi,COMPOUND_V3-POLYGON,liquidation_events,2026-06-28,SHOULD_HAVE_DATA,,False,False,False,0,MISSING_EXPECTED
defi,COMPOUND_V3-POLYGON,liquidation_events,2026-06-29,SHOULD_HAVE_DATA,,False,False,False,0,MISSING_EXPECTED
defi,COMPOUND_V3-POLYGON,position_data,2026-06-26,SHOULD_HAVE_DATA,,False,False,False,0,MISSING_EXPECTED
defi,COMPOUND_V3-POLYGON,position_data,2026-06-27,SHOULD_HAVE_DATA,,False,False,False,0,MISSING_EXPECTED
defi,COMPOUND_V3-POLYGON,position_data,2026-06-28,SHOULD_HAVE_DATA,,False,False,False,0,MISSING_EXPECTED
defi,COMPOUND_V3-POLYGON,position_data,2026-06-29,SHOULD_HAVE_DATA,,False,False,False,0,MISSING_EXPECTED
defi,COMPOUND_V3-POLYGON,risk_params,2026-06-26,SHOULD_HAVE_DATA,,False,False,False,0,MISSING_EXPECTED
defi,COMPOUND_V3-POLYGON,risk_params,2026-06-27,SHOULD_HAVE_DATA,,False,False,False,0,MISSING_EXPECTED
defi,COMPOUND_V3-POLYGON,risk_params,2026-06-28,SHOULD_HAVE_DATA,,False,False,False,0,MISSING_EXPECTED
defi,COMPOUND_V3-POLYGON,risk_params,2026-06-29,SHOULD_HAVE_DATA,,False,False,False,0,MISSING_EXPECTED
defi,COMPOUND_V3-SCROLL,lending_indices,2026-06-26,SHOULD_HAVE_DATA,,False,False,False,0,MISSING_EXPECTED
defi,COMPOUND_V3-SCROLL,lending_indices,2026-06-27,SHOULD_HAVE_DATA,,False,False,False,0,MISSING_EXPECTED
defi,COMPOUND_V3-SCROLL,lending_indices,2026-06-28,SHOULD_HAVE_DATA,,False,False,False,0,MISSING_EXPECTED
defi,COMPOUND_V3-SCROLL,lending_indices,2026-06-29,SHOULD_HAVE_DATA,,False,False,False,0,MISSING_EXPECTED
defi,COMPOUND_V3-SCROLL,liquidation_events,2026-06-26,SHOULD_HAVE_DATA,,False,False,False,0,MISSING_EXPECTED
defi,COMPOUND_V3-SCROLL,liquidation_events,2026-06-27,SHOULD_HAVE_DATA,,False,False,False,0,MISSING_EXPECTED
defi,COMPOUND_V3-SCROLL,liquidation_events,2026-06-28,SHOULD_HAVE_DATA,,False,False,False,0,MISSING_EXPECTED
defi,COMPOUND_V3-SCROLL,liquidation_events,2026-06-29,SHOULD_HAVE_DATA,,False,False,False,0,MISSING_EXPECTED
defi,COMPOUND_V3-SCROLL,position_data,2026-06-26,SHOULD_HAVE_DATA,,False,False,False,0,MISSING_EXPECTED
defi,COMPOUND_V3-SCROLL,position_data,2026-06-27,SHOULD_HAVE_DATA,,False,False,False,0,MISSING_EXPECTED
defi,COMPOUND_V3-SCROLL,position_data,2026-06-28,SHOULD_HAVE_DATA,,False,False,False,0,MISSING_EXPECTED
defi,COMPOUND_V3-SCROLL,position_data,2026-06-29,SHOULD_HAVE_DATA,,False,False,False,0,MISSING_EXPECTED
defi,COMPOUND_V3-SCROLL,risk_params,2026-06-26,SHOULD_HAVE_DATA,,False,False,False,0,MISSING_EXPECTED
defi,COMPOUND_V3-SCROLL,risk_params,2026-06-27,SHOULD_HAVE_DATA,,False,False,False,0,MISSING_EXPECTED
defi,COMPOUND_V3-SCROLL,risk_params,2026-06-28,SHOULD_HAVE_DATA,,False,False,False,0,MISSING_EXPECTED
defi,COMPOUND_V3-SCROLL,risk_params,2026-06-29,SHOULD_HAVE_DATA,,False,False,False,0,MISSING_EXPECTED
defi,CURVE,dex_pool_state,2026-06-26,SHOULD_HAVE_DATA,,False,False,False,0,MISSING_EXPECTED
defi,CURVE,dex_pool_state,2026-06-27,SHOULD_HAVE_DATA,,False,False,False,0,MISSING_EXPECTED
defi,CURVE,dex_pool_state,2026-06-28,SHOULD_HAVE_DATA,,False,False,False,0,MISSING_EXPECTED
defi,CURVE,dex_pool_state,2026-06-29,SHOULD_HAVE_DATA,,False,False,False,0,MISSING_EXPECTED
defi,CURVE,dex_pool_swaps,2026-06-26,SHOULD_HAVE_DATA,,False,False,False,0,MISSING_EXPECTED
defi,CURVE,dex_pool_swaps,2026-06-27,SHOULD_HAVE_DATA,,False,False,False,0,MISSING_EXPECTED
defi,CURVE,dex_pool_swaps,2026-06-28,SHOULD_HAVE_DATA,,False,False,False,0,MISSING_EXPECTED
defi,CURVE,dex_pool_swaps,2026-06-29,SHOULD_HAVE_DATA,,False,False,False,0,MISSING_EXPECTED
defi,CURVE-AVALANCHE,dex_pool_state,2026-06-26,SHOULD_HAVE_DATA,,False,False,False,0,MISSING_EXPECTED
defi,CURVE-AVALANCHE,dex_pool_state,2026-06-27,SHOULD_HAVE_DATA,,False,False,False,0,MISSING_EXPECTED
defi,CURVE-AVALANCHE,dex_pool_state,2026-06-28,SHOULD_HAVE_DATA,,False,False,False,0,MISSING_EXPECTED
defi,CURVE-AVALANCHE,dex_pool_state,2026-06-29,SHOULD_HAVE_DATA,,False,False,False,0,MISSING_EXPECTED
defi,CURVE-AVALANCHE,dex_pool_swaps,2026-06-26,SHOULD_HAVE_DATA,,False,False,False,0,MISSING_EXPECTED
defi,CURVE-AVALANCHE,dex_pool_swaps,2026-06-27,SHOULD_HAVE_DATA,,False,False,False,0,MISSING_EXPECTED
defi,CURVE-AVALANCHE,dex_pool_swaps,2026-06-28,SHOULD_HAVE_DATA,,False,False,False,0,MISSING_EXPECTED
defi,CURVE-AVALANCHE,dex_pool_swaps,2026-06-29,SHOULD_HAVE_DATA,,False,False,False,0,MISSING_EXPECTED
defi,CURVE-ETHEREUM,dex_pool_state,2026-06-26,SHOULD_HAVE_DATA,,False,False,False,0,MISSING_EXPECTED
defi,CURVE-ETHEREUM,dex_pool_state,2026-06-27,SHOULD_HAVE_DATA,,False,False,False,0,MISSING_EXPECTED
defi,CURVE-ETHEREUM,dex_pool_state,2026-06-28,SHOULD_HAVE_DATA,,False,False,False,0,MISSING_EXPECTED
defi,CURVE-ETHEREUM,dex_pool_state,2026-06-29,SHOULD_HAVE_DATA,,False,False,False,0,MISSING_EXPECTED
defi,CURVE-ETHEREUM,dex_pool_swaps,2026-06-26,SHOULD_HAVE_DATA,,False,False,False,0,MISSING_EXPECTED
defi,CURVE-ETHEREUM,dex_pool_swaps,2026-06-27,SHOULD_HAVE_DATA,,False,False,False,0,MISSING_EXPECTED
defi,CURVE-ETHEREUM,dex_pool_swaps,2026-06-28,SHOULD_HAVE_DATA,,False,False,False,0,MISSING_EXPECTED
defi,CURVE-ETHEREUM,dex_pool_swaps,2026-06-29,SHOULD_HAVE_DATA,,False,False,False,0,MISSING_EXPECTED
defi,CURVE-OPTIMISM,dex_pool_state,2026-06-26,SHOULD_HAVE_DATA,,False,False,False,0,MISSING_EXPECTED
defi,CURVE-OPTIMISM,dex_pool_state,2026-06-27,SHOULD_HAVE_DATA,,False,False,False,0,MISSING_EXPECTED
defi,CURVE-OPTIMISM,dex_pool_state,2026-06-28,SHOULD_HAVE_DATA,,False,False,False,0,MISSING_EXPECTED
defi,CURVE-OPTIMISM,dex_pool_state,2026-06-29,SHOULD_HAVE_DATA,,False,False,False,0,MISSING_EXPECTED
defi,CURVE-OPTIMISM,dex_pool_swaps,2026-06-26,SHOULD_HAVE_DATA,,False,False,False,0,MISSING_EXPECTED
defi,CURVE-OPTIMISM,dex_pool_swaps,2026-06-27,SHOULD_HAVE_DATA,,False,False,False,0,MISSING_EXPECTED
defi,CURVE-OPTIMISM,dex_pool_swaps,2026-06-28,SHOULD_HAVE_DATA,,False,False,False,0,MISSING_EXPECTED
defi,CURVE-OPTIMISM,dex_pool_swaps,2026-06-29,SHOULD_HAVE_DATA,,False,False,False,0,MISSING_EXPECTED
defi,DRIFT-SOLANA,perp_funding,2026-06-26,SHOULD_HAVE_DATA,,False,False,False,0,MISSING_EXPECTED
defi,DRIFT-SOLANA,perp_funding,2026-06-27,SHOULD_HAVE_DATA,,False,False,False,0,MISSING_EXPECTED
defi,DRIFT-SOLANA,perp_funding,2026-06-28,SHOULD_HAVE_DATA,,False,False,False,0,MISSING_EXPECTED
defi,DRIFT-SOLANA,perp_funding,2026-06-29,SHOULD_HAVE_DATA,,False,False,False,0,MISSING_EXPECTED
defi,DRIFT-SOLANA,position_data,2026-06-26,SHOULD_HAVE_DATA,,False,False,False,0,MISSING_EXPECTED
defi,DRIFT-SOLANA,position_data,2026-06-27,SHOULD_HAVE_DATA,,False,False,False,0,MISSING_EXPECTED
defi,DRIFT-SOLANA,position_data,2026-06-28,SHOULD_HAVE_DATA,,False,False,False,0,MISSING_EXPECTED
defi,DRIFT-SOLANA,position_data,2026-06-29,SHOULD_HAVE_DATA,,False,False,False,0,MISSING_EXPECTED
defi,EIGENLAYER,eigenlayer_rewards,2026-06-26,SHOULD_HAVE_DATA,,False,False,False,0,MISSING_EXPECTED
defi,EIGENLAYER,eigenlayer_rewards,2026-06-27,SHOULD_HAVE_DATA,,False,False,False,0,MISSING_EXPECTED
defi,EIGENLAYER,eigenlayer_rewards,2026-06-28,SHOULD_HAVE_DATA,,False,False,False,0,MISSING_EXPECTED
defi,EIGENLAYER,eigenlayer_rewards,2026-06-29,SHOULD_HAVE_DATA,,False,False,False,0,MISSING_EXPECTED
defi,ETHENA,lst_rates,2026-06-26,SHOULD_HAVE_DATA,,False,False,False,0,MISSING_EXPECTED
defi,ETHENA,lst_rates,2026-06-27,SHOULD_HAVE_DATA,,False,False,False,0,MISSING_EXPECTED
defi,ETHENA,lst_rates,2026-06-28,SHOULD_HAVE_DATA,,False,False,False,0,MISSING_EXPECTED
defi,ETHENA,lst_rates,2026-06-29,SHOULD_HAVE_DATA,,False,False,False,0,MISSING_EXPECTED
defi,ETHENA,staking_yields,2026-06-26,SHOULD_HAVE_DATA,,False,False,False,0,MISSING_EXPECTED
defi,ETHENA,staking_yields,2026-06-27,SHOULD_HAVE_DATA,,False,False,False,0,MISSING_EXPECTED
defi,ETHENA,staking_yields,2026-06-28,SHOULD_HAVE_DATA,,False,False,False,0,MISSING_EXPECTED
defi,ETHENA,staking_yields,2026-06-29,SHOULD_HAVE_DATA,,False,False,False,0,MISSING_EXPECTED
defi,ETHENA-ETHEREUM,lst_rates,2026-06-26,SHOULD_HAVE_DATA,,False,False,False,0,MISSING_EXPECTED
defi,ETHENA-ETHEREUM,lst_rates,2026-06-27,SHOULD_HAVE_DATA,,False,False,False,0,MISSING_EXPECTED
defi,ETHENA-ETHEREUM,lst_rates,2026-06-28,SHOULD_HAVE_DATA,,False,False,False,0,MISSING_EXPECTED
defi,ETHENA-ETHEREUM,lst_rates,2026-06-29,SHOULD_HAVE_DATA,,False,False,False,0,MISSING_EXPECTED
defi,ETHENA-ETHEREUM,staking_yields,2026-06-26,SHOULD_HAVE_DATA,,False,False,False,0,MISSING_EXPECTED
defi,ETHENA-ETHEREUM,staking_yields,2026-06-27,SHOULD_HAVE_DATA,,False,False,False,0,MISSING_EXPECTED
defi,ETHENA-ETHEREUM,staking_yields,2026-06-28,SHOULD_HAVE_DATA,,False,False,False,0,MISSING_EXPECTED
defi,ETHENA-ETHEREUM,staking_yields,2026-06-29,SHOULD_HAVE_DATA,,False,False,False,0,MISSING_EXPECTED
defi,ETHERFI,eigenlayer_rewards,2026-06-26,SHOULD_HAVE_DATA,,False,False,False,0,MISSING_EXPECTED
defi,ETHERFI,eigenlayer_rewards,2026-06-27,SHOULD_HAVE_DATA,,False,False,False,0,MISSING_EXPECTED
defi,ETHERFI,eigenlayer_rewards,2026-06-28,SHOULD_HAVE_DATA,,False,False,False,0,MISSING_EXPECTED
defi,ETHERFI,eigenlayer_rewards,2026-06-29,SHOULD_HAVE_DATA,,False,False,False,0,MISSING_EXPECTED
defi,ETHERFI,lst_rates,2026-06-26,SHOULD_HAVE_DATA,,False,False,False,0,MISSING_EXPECTED
defi,ETHERFI,lst_rates,2026-06-27,SHOULD_HAVE_DATA,,False,False,False,0,MISSING_EXPECTED
defi,ETHERFI,lst_rates,2026-06-28,SHOULD_HAVE_DATA,,False,False,False,0,MISSING_EXPECTED
defi,ETHERFI,lst_rates,2026-06-29,SHOULD_HAVE_DATA,,False,False,False,0,MISSING_EXPECTED
defi,ETHERFI,staking_yields,2026-06-26,SHOULD_HAVE_DATA,,False,False,False,0,MISSING_EXPECTED
defi,ETHERFI,staking_yields,2026-06-27,SHOULD_HAVE_DATA,,False,False,False,0,MISSING_EXPECTED
defi,ETHERFI,staking_yields,2026-06-28,SHOULD_HAVE_DATA,,False,False,False,0,MISSING_EXPECTED
defi,ETHERFI,staking_yields,2026-06-29,SHOULD_HAVE_DATA,,False,False,False,0,MISSING_EXPECTED
defi,ETHERFI-ETHEREUM,eigenlayer_rewards,2026-06-26,SHOULD_HAVE_DATA,,False,False,False,0,MISSING_EXPECTED
defi,ETHERFI-ETHEREUM,eigenlayer_rewards,2026-06-27,SHOULD_HAVE_DATA,,False,False,False,0,MISSING_EXPECTED
defi,ETHERFI-ETHEREUM,eigenlayer_rewards,2026-06-28,SHOULD_HAVE_DATA,,False,False,False,0,MISSING_EXPECTED
defi,ETHERFI-ETHEREUM,eigenlayer_rewards,2026-06-29,SHOULD_HAVE_DATA,,False,False,False,0,MISSING_EXPECTED
defi,ETHERFI-ETHEREUM,lst_rates,2026-06-26,SHOULD_HAVE_DATA,,False,False,False,0,MISSING_EXPECTED
defi,ETHERFI-ETHEREUM,lst_rates,2026-06-27,SHOULD_HAVE_DATA,,False,False,False,0,MISSING_EXPECTED
defi,ETHERFI-ETHEREUM,lst_rates,2026-06-28,SHOULD_HAVE_DATA,,False,False,False,0,MISSING_EXPECTED
defi,ETHERFI-ETHEREUM,lst_rates,2026-06-29,SHOULD_HAVE_DATA,,False,False,False,0,MISSING_EXPECTED
defi,ETHERFI-ETHEREUM,staking_yields,2026-06-26,SHOULD_HAVE_DATA,,False,False,False,0,MISSING_EXPECTED
defi,ETHERFI-ETHEREUM,staking_yields,2026-06-27,SHOULD_HAVE_DATA,,False,False,False,0,MISSING_EXPECTED
defi,ETHERFI-ETHEREUM,staking_yields,2026-06-28,SHOULD_HAVE_DATA,,False,False,False,0,MISSING_EXPECTED
defi,ETHERFI-ETHEREUM,staking_yields,2026-06-29,SHOULD_HAVE_DATA,,False,False,False,0,MISSING_EXPECTED
defi,FLASHBOTS,mev_events,2026-06-26,SHOULD_HAVE_DATA,,False,False,False,0,MISSING_EXPECTED
defi,FLASHBOTS,mev_events,2026-06-27,SHOULD_HAVE_DATA,,False,False,False,0,MISSING_EXPECTED
defi,FLASHBOTS,mev_events,2026-06-28,SHOULD_HAVE_DATA,,False,False,False,0,MISSING_EXPECTED
defi,FLASHBOTS,mev_events,2026-06-29,SHOULD_HAVE_DATA,,False,False,False,0,MISSING_EXPECTED
defi,FLUID,lending_indices,2026-06-26,SHOULD_HAVE_DATA,,False,False,False,0,MISSING_EXPECTED
defi,FLUID,lending_indices,2026-06-27,SHOULD_HAVE_DATA,,False,False,False,0,MISSING_EXPECTED
defi,FLUID,lending_indices,2026-06-28,SHOULD_HAVE_DATA,,False,False,False,0,MISSING_EXPECTED
defi,FLUID,lending_indices,2026-06-29,SHOULD_HAVE_DATA,,False,False,False,0,MISSING_EXPECTED
defi,FLUID,liquidation_events,2026-06-26,SHOULD_HAVE_DATA,,False,False,False,0,MISSING_EXPECTED
defi,FLUID,liquidation_events,2026-06-27,SHOULD_HAVE_DATA,,False,False,False,0,MISSING_EXPECTED
defi,FLUID,liquidation_events,2026-06-28,SHOULD_HAVE_DATA,,False,False,False,0,MISSING_EXPECTED
defi,FLUID,liquidation_events,2026-06-29,SHOULD_HAVE_DATA,,False,False,False,0,MISSING_EXPECTED
defi,FLUID,position_data,2026-06-26,SHOULD_HAVE_DATA,,False,False,False,0,MISSING_EXPECTED
defi,FLUID,position_data,2026-06-27,SHOULD_HAVE_DATA,,False,False,False,0,MISSING_EXPECTED
defi,FLUID,position_data,2026-06-28,SHOULD_HAVE_DATA,,False,False,False,0,MISSING_EXPECTED
defi,FLUID,position_data,2026-06-29,SHOULD_HAVE_DATA,,False,False,False,0,MISSING_EXPECTED
defi,FLUID,risk_params,2026-06-26,SHOULD_HAVE_DATA,,False,False,False,0,MISSING_EXPECTED
defi,FLUID,risk_params,2026-06-27,SHOULD_HAVE_DATA,,False,False,False,0,MISSING_EXPECTED
defi,FLUID,risk_params,2026-06-28,SHOULD_HAVE_DATA,,False,False,False,0,MISSING_EXPECTED
defi,FLUID,risk_params,2026-06-29,SHOULD_HAVE_DATA,,False,False,False,0,MISSING_EXPECTED
defi,FRAX,lst_rates,2026-06-26,SHOULD_HAVE_DATA,,False,False,False,0,MISSING_EXPECTED
defi,FRAX,lst_rates,2026-06-27,SHOULD_HAVE_DATA,,False,False,False,0,MISSING_EXPECTED
defi,FRAX,lst_rates,2026-06-28,SHOULD_HAVE_DATA,,False,False,False,0,MISSING_EXPECTED
defi,FRAX,lst_rates,2026-06-29,SHOULD_HAVE_DATA,,False,False,False,0,MISSING_EXPECTED
defi,FRAX,staking_yields,2026-06-26,SHOULD_HAVE_DATA,,False,False,False,0,MISSING_EXPECTED
defi,FRAX,staking_yields,2026-06-27,SHOULD_HAVE_DATA,,False,False,False,0,MISSING_EXPECTED
defi,FRAX,staking_yields,2026-06-28,SHOULD_HAVE_DATA,,False,False,False,0,MISSING_EXPECTED
defi,FRAX,staking_yields,2026-06-29,SHOULD_HAVE_DATA,,False,False,False,0,MISSING_EXPECTED
defi,FRAX-ETHEREUM,lst_rates,2026-06-26,SHOULD_HAVE_DATA,,False,False,False,0,MISSING_EXPECTED
defi,FRAX-ETHEREUM,lst_rates,2026-06-27,SHOULD_HAVE_DATA,,False,False,False,0,MISSING_EXPECTED
defi,FRAX-ETHEREUM,lst_rates,2026-06-28,SHOULD_HAVE_DATA,,False,False,False,0,MISSING_EXPECTED
defi,FRAX-ETHEREUM,lst_rates,2026-06-29,SHOULD_HAVE_DATA,,False,False,False,0,MISSING_EXPECTED
defi,FRAX-ETHEREUM,staking_yields,2026-06-26,SHOULD_HAVE_DATA,,False,False,False,0,MISSING_EXPECTED
defi,FRAX-ETHEREUM,staking_yields,2026-06-27,SHOULD_HAVE_DATA,,False,False,False,0,MISSING_EXPECTED
defi,FRAX-ETHEREUM,staking_yields,2026-06-28,SHOULD_HAVE_DATA,,False,False,False,0,MISSING_EXPECTED
defi,FRAX-ETHEREUM,staking_yields,2026-06-29,SHOULD_HAVE_DATA,,False,False,False,0,MISSING_EXPECTED
defi,GMX,perp_funding,2026-06-26,SHOULD_HAVE_DATA,,False,False,False,0,MISSING_EXPECTED
defi,GMX,perp_funding,2026-06-27,SHOULD_HAVE_DATA,,False,False,False,0,MISSING_EXPECTED
defi,GMX,perp_funding,2026-06-28,SHOULD_HAVE_DATA,,False,False,False,0,MISSING_EXPECTED
defi,GMX,perp_funding,2026-06-29,SHOULD_HAVE_DATA,,False,False,False,0,MISSING_EXPECTED
defi,GMX-ARBITRUM,perp_funding,2026-06-26,SHOULD_HAVE_DATA,,False,False,False,0,MISSING_EXPECTED
defi,GMX-ARBITRUM,perp_funding,2026-06-27,SHOULD_HAVE_DATA,,False,False,False,0,MISSING_EXPECTED
defi,GMX-ARBITRUM,perp_funding,2026-06-28,SHOULD_HAVE_DATA,,False,False,False,0,MISSING_EXPECTED
defi,GMX-ARBITRUM,perp_funding,2026-06-29,SHOULD_HAVE_DATA,,False,False,False,0,MISSING_EXPECTED
defi,GMX-AVALANCHE,perp_funding,2026-06-26,EXPECTED_EMPTY,EXPECTED_DEPRECATED_DATA_TYPE,False,False,False,0,OK_HONEST_EMPTY
defi,GMX-AVALANCHE,perp_funding,2026-06-27,EXPECTED_EMPTY,EXPECTED_DEPRECATED_DATA_TYPE,False,False,False,0,OK_HONEST_EMPTY
defi,GMX-AVALANCHE,perp_funding,2026-06-28,EXPECTED_EMPTY,EXPECTED_DEPRECATED_DATA_TYPE,False,False,False,0,OK_HONEST_EMPTY
defi,GMX-AVALANCHE,perp_funding,2026-06-29,EXPECTED_EMPTY,EXPECTED_DEPRECATED_DATA_TYPE,False,False,False,0,OK_HONEST_EMPTY
defi,HYPERLIQUID,perp_funding,2026-06-26,SHOULD_HAVE_DATA,,False,False,False,0,MISSING_EXPECTED
defi,HYPERLIQUID,perp_funding,2026-06-27,SHOULD_HAVE_DATA,,False,False,False,0,MISSING_EXPECTED
defi,HYPERLIQUID,perp_funding,2026-06-28,SHOULD_HAVE_DATA,,False,False,False,0,MISSING_EXPECTED
defi,HYPERLIQUID,perp_funding,2026-06-29,SHOULD_HAVE_DATA,,False,False,False,0,MISSING_EXPECTED
defi,JITO,lst_rates,2026-06-26,SHOULD_HAVE_DATA,,False,False,False,0,MISSING_EXPECTED
defi,JITO,lst_rates,2026-06-27,SHOULD_HAVE_DATA,,False,False,False,0,MISSING_EXPECTED
defi,JITO,lst_rates,2026-06-28,SHOULD_HAVE_DATA,,False,False,False,0,MISSING_EXPECTED
defi,JITO,lst_rates,2026-06-29,SHOULD_HAVE_DATA,,False,False,False,0,MISSING_EXPECTED
defi,JITO,staking_yields,2026-06-26,SHOULD_HAVE_DATA,,False,False,False,0,MISSING_EXPECTED
defi,JITO,staking_yields,2026-06-27,SHOULD_HAVE_DATA,,False,False,False,0,MISSING_EXPECTED
defi,JITO,staking_yields,2026-06-28,SHOULD_HAVE_DATA,,False,False,False,0,MISSING_EXPECTED
defi,JITO,staking_yields,2026-06-29,SHOULD_HAVE_DATA,,False,False,False,0,MISSING_EXPECTED
defi,JITO-SOLANA,lst_rates,2026-06-26,SHOULD_HAVE_DATA,,False,False,False,0,MISSING_EXPECTED
defi,JITO-SOLANA,lst_rates,2026-06-27,SHOULD_HAVE_DATA,,False,False,False,0,MISSING_EXPECTED
defi,JITO-SOLANA,lst_rates,2026-06-28,SHOULD_HAVE_DATA,,False,False,False,0,MISSING_EXPECTED
defi,JITO-SOLANA,lst_rates,2026-06-29,SHOULD_HAVE_DATA,,False,False,False,0,MISSING_EXPECTED
defi,JITO-SOLANA,staking_yields,2026-06-26,SHOULD_HAVE_DATA,,False,False,False,0,MISSING_EXPECTED
defi,JITO-SOLANA,staking_yields,2026-06-27,SHOULD_HAVE_DATA,,False,False,False,0,MISSING_EXPECTED
defi,JITO-SOLANA,staking_yields,2026-06-28,SHOULD_HAVE_DATA,,False,False,False,0,MISSING_EXPECTED
defi,JITO-SOLANA,staking_yields,2026-06-29,SHOULD_HAVE_DATA,,False,False,False,0,MISSING_EXPECTED
defi,KAMINO-SOLANA,lending_indices,2026-06-26,SHOULD_HAVE_DATA,,False,False,False,0,MISSING_EXPECTED
defi,KAMINO-SOLANA,lending_indices,2026-06-27,SHOULD_HAVE_DATA,,False,False,False,0,MISSING_EXPECTED
defi,KAMINO-SOLANA,lending_indices,2026-06-28,SHOULD_HAVE_DATA,,False,False,False,0,MISSING_EXPECTED
defi,KAMINO-SOLANA,lending_indices,2026-06-29,SHOULD_HAVE_DATA,,False,False,False,0,MISSING_EXPECTED
defi,KAMINO-SOLANA,liquidation_events,2026-06-26,SHOULD_HAVE_DATA,,False,False,False,0,MISSING_EXPECTED
defi,KAMINO-SOLANA,liquidation_events,2026-06-27,SHOULD_HAVE_DATA,,False,False,False,0,MISSING_EXPECTED
defi,KAMINO-SOLANA,liquidation_events,2026-06-28,SHOULD_HAVE_DATA,,False,False,False,0,MISSING_EXPECTED
defi,KAMINO-SOLANA,liquidation_events,2026-06-29,SHOULD_HAVE_DATA,,False,False,False,0,MISSING_EXPECTED
defi,KAMINO-SOLANA,position_data,2026-06-26,SHOULD_HAVE_DATA,,False,False,False,0,MISSING_EXPECTED
defi,KAMINO-SOLANA,position_data,2026-06-27,SHOULD_HAVE_DATA,,False,False,False,0,MISSING_EXPECTED
defi,KAMINO-SOLANA,position_data,2026-06-28,SHOULD_HAVE_DATA,,False,False,False,0,MISSING_EXPECTED
defi,KAMINO-SOLANA,position_data,2026-06-29,SHOULD_HAVE_DATA,,False,False,False,0,MISSING_EXPECTED
defi,KAMINO-SOLANA,risk_params,2026-06-26,SHOULD_HAVE_DATA,,False,False,False,0,MISSING_EXPECTED
defi,KAMINO-SOLANA,risk_params,2026-06-27,SHOULD_HAVE_DATA,,False,False,False,0,MISSING_EXPECTED
defi,KAMINO-SOLANA,risk_params,2026-06-28,SHOULD_HAVE_DATA,,False,False,False,0,MISSING_EXPECTED
defi,KAMINO-SOLANA,risk_params,2026-06-29,SHOULD_HAVE_DATA,,False,False,False,0,MISSING_EXPECTED
defi,LIDO,lst_rates,2026-06-26,SHOULD_HAVE_DATA,,False,False,False,0,MISSING_EXPECTED
defi,LIDO,lst_rates,2026-06-27,SHOULD_HAVE_DATA,,False,False,False,0,MISSING_EXPECTED
defi,LIDO,lst_rates,2026-06-28,SHOULD_HAVE_DATA,,False,False,False,0,MISSING_EXPECTED
defi,LIDO,lst_rates,2026-06-29,SHOULD_HAVE_DATA,,False,False,False,0,MISSING_EXPECTED
defi,LIDO,staking_yields,2026-06-26,SHOULD_HAVE_DATA,,False,False,False,0,MISSING_EXPECTED
defi,LIDO,staking_yields,2026-06-27,SHOULD_HAVE_DATA,,False,False,False,0,MISSING_EXPECTED
defi,LIDO,staking_yields,2026-06-28,SHOULD_HAVE_DATA,,False,False,False,0,MISSING_EXPECTED
defi,LIDO,staking_yields,2026-06-29,SHOULD_HAVE_DATA,,False,False,False,0,MISSING_EXPECTED
defi,LIDO-ETHEREUM,lst_rates,2026-06-26,SHOULD_HAVE_DATA,,False,False,False,0,MISSING_EXPECTED
defi,LIDO-ETHEREUM,lst_rates,2026-06-27,SHOULD_HAVE_DATA,,False,False,False,0,MISSING_EXPECTED
defi,LIDO-ETHEREUM,lst_rates,2026-06-28,SHOULD_HAVE_DATA,,False,False,False,0,MISSING_EXPECTED
defi,LIDO-ETHEREUM,lst_rates,2026-06-29,SHOULD_HAVE_DATA,,False,False,False,0,MISSING_EXPECTED
defi,LIDO-ETHEREUM,staking_yields,2026-06-26,SHOULD_HAVE_DATA,,False,False,False,0,MISSING_EXPECTED
defi,LIDO-ETHEREUM,staking_yields,2026-06-27,SHOULD_HAVE_DATA,,False,False,False,0,MISSING_EXPECTED
defi,LIDO-ETHEREUM,staking_yields,2026-06-28,SHOULD_HAVE_DATA,,False,False,False,0,MISSING_EXPECTED
defi,LIDO-ETHEREUM,staking_yields,2026-06-29,SHOULD_HAVE_DATA,,False,False,False,0,MISSING_EXPECTED
defi,LIGHTER-ZKSYNC,perp_funding,2026-06-26,SHOULD_HAVE_DATA,,False,False,False,0,MISSING_EXPECTED
defi,LIGHTER-ZKSYNC,perp_funding,2026-06-27,SHOULD_HAVE_DATA,,False,False,False,0,MISSING_EXPECTED
defi,LIGHTER-ZKSYNC,perp_funding,2026-06-28,SHOULD_HAVE_DATA,,False,False,False,0,MISSING_EXPECTED
defi,LIGHTER-ZKSYNC,perp_funding,2026-06-29,SHOULD_HAVE_DATA,,False,False,False,0,MISSING_EXPECTED
defi,MAKER,lst_rates,2026-06-26,SHOULD_HAVE_DATA,,False,False,False,0,MISSING_EXPECTED
defi,MAKER,lst_rates,2026-06-27,SHOULD_HAVE_DATA,,False,False,False,0,MISSING_EXPECTED
defi,MAKER,lst_rates,2026-06-28,SHOULD_HAVE_DATA,,False,False,False,0,MISSING_EXPECTED
defi,MAKER,lst_rates,2026-06-29,SHOULD_HAVE_DATA,,False,False,False,0,MISSING_EXPECTED
defi,MAKER,staking_yields,2026-06-26,SHOULD_HAVE_DATA,,False,False,False,0,MISSING_EXPECTED
defi,MAKER,staking_yields,2026-06-27,SHOULD_HAVE_DATA,,False,False,False,0,MISSING_EXPECTED
defi,MAKER,staking_yields,2026-06-28,SHOULD_HAVE_DATA,,False,False,False,0,MISSING_EXPECTED
defi,MAKER,staking_yields,2026-06-29,SHOULD_HAVE_DATA,,False,False,False,0,MISSING_EXPECTED
defi,MANTLE,lst_rates,2026-06-26,SHOULD_HAVE_DATA,,False,False,False,0,MISSING_EXPECTED
defi,MANTLE,lst_rates,2026-06-27,SHOULD_HAVE_DATA,,False,False,False,0,MISSING_EXPECTED
defi,MANTLE,lst_rates,2026-06-28,SHOULD_HAVE_DATA,,False,False,False,0,MISSING_EXPECTED
defi,MANTLE,lst_rates,2026-06-29,SHOULD_HAVE_DATA,,False,False,False,0,MISSING_EXPECTED
defi,MANTLE,staking_yields,2026-06-26,SHOULD_HAVE_DATA,,False,False,False,0,MISSING_EXPECTED
defi,MANTLE,staking_yields,2026-06-27,SHOULD_HAVE_DATA,,False,False,False,0,MISSING_EXPECTED
defi,MANTLE,staking_yields,2026-06-28,SHOULD_HAVE_DATA,,False,False,False,0,MISSING_EXPECTED
defi,MANTLE,staking_yields,2026-06-29,SHOULD_HAVE_DATA,,False,False,False,0,MISSING_EXPECTED
defi,MARINADE,lst_rates,2026-06-26,SHOULD_HAVE_DATA,,False,False,False,0,MISSING_EXPECTED
defi,MARINADE,lst_rates,2026-06-27,SHOULD_HAVE_DATA,,False,False,False,0,MISSING_EXPECTED
defi,MARINADE,lst_rates,2026-06-28,SHOULD_HAVE_DATA,,False,False,False,0,MISSING_EXPECTED
defi,MARINADE,lst_rates,2026-06-29,SHOULD_HAVE_DATA,,False,False,False,0,MISSING_EXPECTED
defi,MARINADE,staking_yields,2026-06-26,SHOULD_HAVE_DATA,,False,False,False,0,MISSING_EXPECTED
defi,MARINADE,staking_yields,2026-06-27,SHOULD_HAVE_DATA,,False,False,False,0,MISSING_EXPECTED
defi,MARINADE,staking_yields,2026-06-28,SHOULD_HAVE_DATA,,False,False,False,0,MISSING_EXPECTED
defi,MARINADE,staking_yields,2026-06-29,SHOULD_HAVE_DATA,,False,False,False,0,MISSING_EXPECTED
defi,MARINADE-SOLANA,lst_rates,2026-06-26,SHOULD_HAVE_DATA,,False,False,False,0,MISSING_EXPECTED
defi,MARINADE-SOLANA,lst_rates,2026-06-27,SHOULD_HAVE_DATA,,False,False,False,0,MISSING_EXPECTED
defi,MARINADE-SOLANA,lst_rates,2026-06-28,SHOULD_HAVE_DATA,,False,False,False,0,MISSING_EXPECTED
defi,MARINADE-SOLANA,lst_rates,2026-06-29,SHOULD_HAVE_DATA,,False,False,False,0,MISSING_EXPECTED
defi,MARINADE-SOLANA,staking_yields,2026-06-26,SHOULD_HAVE_DATA,,False,False,False,0,MISSING_EXPECTED
defi,MARINADE-SOLANA,staking_yields,2026-06-27,SHOULD_HAVE_DATA,,False,False,False,0,MISSING_EXPECTED
defi,MARINADE-SOLANA,staking_yields,2026-06-28,SHOULD_HAVE_DATA,,False,False,False,0,MISSING_EXPECTED
defi,MARINADE-SOLANA,staking_yields,2026-06-29,SHOULD_HAVE_DATA,,False,False,False,0,MISSING_EXPECTED
defi,MORPHO,lending_indices,2026-06-26,SHOULD_HAVE_DATA,,False,False,False,0,MISSING_EXPECTED
defi,MORPHO,lending_indices,2026-06-27,SHOULD_HAVE_DATA,,False,False,False,0,MISSING_EXPECTED
defi,MORPHO,lending_indices,2026-06-28,SHOULD_HAVE_DATA,,False,False,False,0,MISSING_EXPECTED
defi,MORPHO,lending_indices,2026-06-29,SHOULD_HAVE_DATA,,False,False,False,0,MISSING_EXPECTED
defi,MORPHO,liquidation_events,2026-06-26,SHOULD_HAVE_DATA,,False,False,False,0,MISSING_EXPECTED
defi,MORPHO,liquidation_events,2026-06-27,SHOULD_HAVE_DATA,,False,False,False,0,MISSING_EXPECTED
defi,MORPHO,liquidation_events,2026-06-28,SHOULD_HAVE_DATA,,False,False,False,0,MISSING_EXPECTED
defi,MORPHO,liquidation_events,2026-06-29,SHOULD_HAVE_DATA,,False,False,False,0,MISSING_EXPECTED
defi,MORPHO,position_data,2026-06-26,SHOULD_HAVE_DATA,,False,False,False,0,MISSING_EXPECTED
defi,MORPHO,position_data,2026-06-27,SHOULD_HAVE_DATA,,False,False,False,0,MISSING_EXPECTED
defi,MORPHO,position_data,2026-06-28,SHOULD_HAVE_DATA,,False,False,False,0,MISSING_EXPECTED
defi,MORPHO,position_data,2026-06-29,SHOULD_HAVE_DATA,,False,False,False,0,MISSING_EXPECTED
defi,MORPHO,risk_params,2026-06-26,SHOULD_HAVE_DATA,,False,False,False,0,MISSING_EXPECTED
defi,MORPHO,risk_params,2026-06-27,SHOULD_HAVE_DATA,,False,False,False,0,MISSING_EXPECTED
defi,MORPHO,risk_params,2026-06-28,SHOULD_HAVE_DATA,,False,False,False,0,MISSING_EXPECTED
defi,MORPHO,risk_params,2026-06-29,SHOULD_HAVE_DATA,,False,False,False,0,MISSING_EXPECTED
defi,ORCA-SOLANA,dex_pool_state,2026-06-26,SHOULD_HAVE_DATA,,False,False,False,0,MISSING_EXPECTED
defi,ORCA-SOLANA,dex_pool_state,2026-06-27,SHOULD_HAVE_DATA,,False,False,False,0,MISSING_EXPECTED
defi,ORCA-SOLANA,dex_pool_state,2026-06-28,SHOULD_HAVE_DATA,,False,False,False,0,MISSING_EXPECTED
defi,ORCA-SOLANA,dex_pool_state,2026-06-29,SHOULD_HAVE_DATA,,False,False,False,0,MISSING_EXPECTED
defi,ORCA-SOLANA,dex_pool_swaps,2026-06-26,SHOULD_HAVE_DATA,,False,False,False,0,MISSING_EXPECTED
defi,ORCA-SOLANA,dex_pool_swaps,2026-06-27,SHOULD_HAVE_DATA,,False,False,False,0,MISSING_EXPECTED
defi,ORCA-SOLANA,dex_pool_swaps,2026-06-28,SHOULD_HAVE_DATA,,False,False,False,0,MISSING_EXPECTED
defi,ORCA-SOLANA,dex_pool_swaps,2026-06-29,SHOULD_HAVE_DATA,,False,False,False,0,MISSING_EXPECTED
defi,PACIFICA-SOLANA,perp_funding,2026-06-26,SHOULD_HAVE_DATA,,False,False,False,0,MISSING_EXPECTED
defi,PACIFICA-SOLANA,perp_funding,2026-06-27,SHOULD_HAVE_DATA,,False,False,False,0,MISSING_EXPECTED
defi,PACIFICA-SOLANA,perp_funding,2026-06-28,SHOULD_HAVE_DATA,,False,False,False,0,MISSING_EXPECTED
defi,PACIFICA-SOLANA,perp_funding,2026-06-29,SHOULD_HAVE_DATA,,False,False,False,0,MISSING_EXPECTED
defi,PANCAKESWAP_V3,dex_pool_state,2026-06-26,SHOULD_HAVE_DATA,,False,False,False,0,MISSING_EXPECTED
defi,PANCAKESWAP_V3,dex_pool_state,2026-06-27,SHOULD_HAVE_DATA,,False,False,False,0,MISSING_EXPECTED
defi,PANCAKESWAP_V3,dex_pool_state,2026-06-28,SHOULD_HAVE_DATA,,False,False,False,0,MISSING_EXPECTED
defi,PANCAKESWAP_V3,dex_pool_state,2026-06-29,SHOULD_HAVE_DATA,,False,False,False,0,MISSING_EXPECTED
defi,PANCAKESWAP_V3,dex_pool_swaps,2026-06-26,SHOULD_HAVE_DATA,,False,False,False,0,MISSING_EXPECTED
defi,PANCAKESWAP_V3,dex_pool_swaps,2026-06-27,SHOULD_HAVE_DATA,,False,False,False,0,MISSING_EXPECTED
defi,PANCAKESWAP_V3,dex_pool_swaps,2026-06-28,SHOULD_HAVE_DATA,,False,False,False,0,MISSING_EXPECTED
defi,PANCAKESWAP_V3,dex_pool_swaps,2026-06-29,SHOULD_HAVE_DATA,,False,False,False,0,MISSING_EXPECTED
defi,PUFFER,lst_rates,2026-06-26,SHOULD_HAVE_DATA,,False,False,False,0,MISSING_EXPECTED
defi,PUFFER,lst_rates,2026-06-27,SHOULD_HAVE_DATA,,False,False,False,0,MISSING_EXPECTED
defi,PUFFER,lst_rates,2026-06-28,SHOULD_HAVE_DATA,,False,False,False,0,MISSING_EXPECTED
defi,PUFFER,lst_rates,2026-06-29,SHOULD_HAVE_DATA,,False,False,False,0,MISSING_EXPECTED
defi,PUFFER,staking_yields,2026-06-26,SHOULD_HAVE_DATA,,False,False,False,0,MISSING_EXPECTED
defi,PUFFER,staking_yields,2026-06-27,SHOULD_HAVE_DATA,,False,False,False,0,MISSING_EXPECTED
defi,PUFFER,staking_yields,2026-06-28,SHOULD_HAVE_DATA,,False,False,False,0,MISSING_EXPECTED
defi,PUFFER,staking_yields,2026-06-29,SHOULD_HAVE_DATA,,False,False,False,0,MISSING_EXPECTED
defi,PYTH,oracle_prices,2026-06-26,SHOULD_HAVE_DATA,,False,False,False,0,MISSING_EXPECTED
defi,PYTH,oracle_prices,2026-06-27,SHOULD_HAVE_DATA,,False,False,False,0,MISSING_EXPECTED
defi,PYTH,oracle_prices,2026-06-28,SHOULD_HAVE_DATA,,False,False,False,0,MISSING_EXPECTED
defi,PYTH,oracle_prices,2026-06-29,SHOULD_HAVE_DATA,,False,False,False,0,MISSING_EXPECTED
defi,RAYDIUM-SOLANA,dex_pool_state,2026-06-26,SHOULD_HAVE_DATA,,False,False,False,0,MISSING_EXPECTED
defi,RAYDIUM-SOLANA,dex_pool_state,2026-06-27,SHOULD_HAVE_DATA,,False,False,False,0,MISSING_EXPECTED
defi,RAYDIUM-SOLANA,dex_pool_state,2026-06-28,SHOULD_HAVE_DATA,,False,False,False,0,MISSING_EXPECTED
defi,RAYDIUM-SOLANA,dex_pool_state,2026-06-29,SHOULD_HAVE_DATA,,False,False,False,0,MISSING_EXPECTED
defi,RAYDIUM-SOLANA,dex_pool_swaps,2026-06-26,SHOULD_HAVE_DATA,,False,False,False,0,MISSING_EXPECTED
defi,RAYDIUM-SOLANA,dex_pool_swaps,2026-06-27,SHOULD_HAVE_DATA,,False,False,False,0,MISSING_EXPECTED
defi,RAYDIUM-SOLANA,dex_pool_swaps,2026-06-28,SHOULD_HAVE_DATA,,False,False,False,0,MISSING_EXPECTED
defi,RAYDIUM-SOLANA,dex_pool_swaps,2026-06-29,SHOULD_HAVE_DATA,,False,False,False,0,MISSING_EXPECTED
defi,ROCKETPOOL,lst_rates,2026-06-26,SHOULD_HAVE_DATA,,False,False,False,0,MISSING_EXPECTED
defi,ROCKETPOOL,lst_rates,2026-06-27,SHOULD_HAVE_DATA,,False,False,False,0,MISSING_EXPECTED
defi,ROCKETPOOL,lst_rates,2026-06-28,SHOULD_HAVE_DATA,,False,False,False,0,MISSING_EXPECTED
defi,ROCKETPOOL,lst_rates,2026-06-29,SHOULD_HAVE_DATA,,False,False,False,0,MISSING_EXPECTED
defi,ROCKETPOOL,staking_yields,2026-06-26,SHOULD_HAVE_DATA,,False,False,False,0,MISSING_EXPECTED
defi,ROCKETPOOL,staking_yields,2026-06-27,SHOULD_HAVE_DATA,,False,False,False,0,MISSING_EXPECTED
defi,ROCKETPOOL,staking_yields,2026-06-28,SHOULD_HAVE_DATA,,False,False,False,0,MISSING_EXPECTED
defi,ROCKETPOOL,staking_yields,2026-06-29,SHOULD_HAVE_DATA,,False,False,False,0,MISSING_EXPECTED
defi,ROCKETPOOL-ETHEREUM,lst_rates,2026-06-26,SHOULD_HAVE_DATA,,False,False,False,0,MISSING_EXPECTED
defi,ROCKETPOOL-ETHEREUM,lst_rates,2026-06-27,SHOULD_HAVE_DATA,,False,False,False,0,MISSING_EXPECTED
defi,ROCKETPOOL-ETHEREUM,lst_rates,2026-06-28,SHOULD_HAVE_DATA,,False,False,False,0,MISSING_EXPECTED
defi,ROCKETPOOL-ETHEREUM,lst_rates,2026-06-29,SHOULD_HAVE_DATA,,False,False,False,0,MISSING_EXPECTED
defi,ROCKETPOOL-ETHEREUM,staking_yields,2026-06-26,SHOULD_HAVE_DATA,,False,False,False,0,MISSING_EXPECTED
defi,ROCKETPOOL-ETHEREUM,staking_yields,2026-06-27,SHOULD_HAVE_DATA,,False,False,False,0,MISSING_EXPECTED
defi,ROCKETPOOL-ETHEREUM,staking_yields,2026-06-28,SHOULD_HAVE_DATA,,False,False,False,0,MISSING_EXPECTED
defi,ROCKETPOOL-ETHEREUM,staking_yields,2026-06-29,SHOULD_HAVE_DATA,,False,False,False,0,MISSING_EXPECTED
defi,STADER,lst_rates,2026-06-26,SHOULD_HAVE_DATA,,False,False,False,0,MISSING_EXPECTED
defi,STADER,lst_rates,2026-06-27,SHOULD_HAVE_DATA,,False,False,False,0,MISSING_EXPECTED
defi,STADER,lst_rates,2026-06-28,SHOULD_HAVE_DATA,,False,False,False,0,MISSING_EXPECTED
defi,STADER,lst_rates,2026-06-29,SHOULD_HAVE_DATA,,False,False,False,0,MISSING_EXPECTED
defi,STADER,staking_yields,2026-06-26,SHOULD_HAVE_DATA,,False,False,False,0,MISSING_EXPECTED
defi,STADER,staking_yields,2026-06-27,SHOULD_HAVE_DATA,,False,False,False,0,MISSING_EXPECTED
defi,STADER,staking_yields,2026-06-28,SHOULD_HAVE_DATA,,False,False,False,0,MISSING_EXPECTED
defi,STADER,staking_yields,2026-06-29,SHOULD_HAVE_DATA,,False,False,False,0,MISSING_EXPECTED
defi,STAKEWISE,lst_rates,2026-06-26,SHOULD_HAVE_DATA,,False,False,False,0,MISSING_EXPECTED
defi,STAKEWISE,lst_rates,2026-06-27,SHOULD_HAVE_DATA,,False,False,False,0,MISSING_EXPECTED
defi,STAKEWISE,lst_rates,2026-06-28,SHOULD_HAVE_DATA,,False,False,False,0,MISSING_EXPECTED
defi,STAKEWISE,lst_rates,2026-06-29,SHOULD_HAVE_DATA,,False,False,False,0,MISSING_EXPECTED
defi,STAKEWISE,staking_yields,2026-06-26,SHOULD_HAVE_DATA,,False,False,False,0,MISSING_EXPECTED
defi,STAKEWISE,staking_yields,2026-06-27,SHOULD_HAVE_DATA,,False,False,False,0,MISSING_EXPECTED
defi,STAKEWISE,staking_yields,2026-06-28,SHOULD_HAVE_DATA,,False,False,False,0,MISSING_EXPECTED
defi,STAKEWISE,staking_yields,2026-06-29,SHOULD_HAVE_DATA,,False,False,False,0,MISSING_EXPECTED
defi,STARGATE,bridge_events,2026-06-26,SHOULD_HAVE_DATA,,False,False,False,0,MISSING_EXPECTED
defi,STARGATE,bridge_events,2026-06-27,SHOULD_HAVE_DATA,,False,False,False,0,MISSING_EXPECTED
defi,STARGATE,bridge_events,2026-06-28,SHOULD_HAVE_DATA,,False,False,False,0,MISSING_EXPECTED
defi,STARGATE,bridge_events,2026-06-29,SHOULD_HAVE_DATA,,False,False,False,0,MISSING_EXPECTED
defi,SUSHISWAP,dex_pool_state,2026-06-26,SHOULD_HAVE_DATA,,False,False,False,0,MISSING_EXPECTED
defi,SUSHISWAP,dex_pool_state,2026-06-27,SHOULD_HAVE_DATA,,False,False,False,0,MISSING_EXPECTED
defi,SUSHISWAP,dex_pool_state,2026-06-28,SHOULD_HAVE_DATA,,False,False,False,0,MISSING_EXPECTED
defi,SUSHISWAP,dex_pool_state,2026-06-29,SHOULD_HAVE_DATA,,False,False,False,0,MISSING_EXPECTED
defi,SUSHISWAP,dex_pool_swaps,2026-06-26,SHOULD_HAVE_DATA,,False,False,False,0,MISSING_EXPECTED
defi,SUSHISWAP,dex_pool_swaps,2026-06-27,SHOULD_HAVE_DATA,,False,False,False,0,MISSING_EXPECTED
defi,SUSHISWAP,dex_pool_swaps,2026-06-28,SHOULD_HAVE_DATA,,False,False,False,0,MISSING_EXPECTED
defi,SUSHISWAP,dex_pool_swaps,2026-06-29,SHOULD_HAVE_DATA,,False,False,False,0,MISSING_EXPECTED
defi,SUSHISWAP_V3,dex_pool_state,2026-06-26,SHOULD_HAVE_DATA,,False,False,False,0,MISSING_EXPECTED
defi,SUSHISWAP_V3,dex_pool_state,2026-06-27,SHOULD_HAVE_DATA,,False,False,False,0,MISSING_EXPECTED
defi,SUSHISWAP_V3,dex_pool_state,2026-06-28,SHOULD_HAVE_DATA,,False,False,False,0,MISSING_EXPECTED
defi,SUSHISWAP_V3,dex_pool_state,2026-06-29,SHOULD_HAVE_DATA,,False,False,False,0,MISSING_EXPECTED
defi,SUSHISWAP_V3,dex_pool_swaps,2026-06-26,SHOULD_HAVE_DATA,,False,False,False,0,MISSING_EXPECTED
defi,SUSHISWAP_V3,dex_pool_swaps,2026-06-27,SHOULD_HAVE_DATA,,False,False,False,0,MISSING_EXPECTED
defi,SUSHISWAP_V3,dex_pool_swaps,2026-06-28,SHOULD_HAVE_DATA,,False,False,False,0,MISSING_EXPECTED
defi,SUSHISWAP_V3,dex_pool_swaps,2026-06-29,SHOULD_HAVE_DATA,,False,False,False,0,MISSING_EXPECTED
defi,SUSHISWAP_V3-ETHEREUM,dex_pool_state,2026-06-26,SHOULD_HAVE_DATA,,False,False,False,0,MISSING_EXPECTED
defi,SUSHISWAP_V3-ETHEREUM,dex_pool_state,2026-06-27,SHOULD_HAVE_DATA,,False,False,False,0,MISSING_EXPECTED
defi,SUSHISWAP_V3-ETHEREUM,dex_pool_state,2026-06-28,SHOULD_HAVE_DATA,,False,False,False,0,MISSING_EXPECTED
defi,SUSHISWAP_V3-ETHEREUM,dex_pool_state,2026-06-29,SHOULD_HAVE_DATA,,False,False,False,0,MISSING_EXPECTED
defi,SUSHISWAP_V3-ETHEREUM,dex_pool_swaps,2026-06-26,SHOULD_HAVE_DATA,,False,False,False,0,MISSING_EXPECTED
defi,SUSHISWAP_V3-ETHEREUM,dex_pool_swaps,2026-06-27,SHOULD_HAVE_DATA,,False,False,False,0,MISSING_EXPECTED
defi,SUSHISWAP_V3-ETHEREUM,dex_pool_swaps,2026-06-28,SHOULD_HAVE_DATA,,False,False,False,0,MISSING_EXPECTED
defi,SUSHISWAP_V3-ETHEREUM,dex_pool_swaps,2026-06-29,SHOULD_HAVE_DATA,,False,False,False,0,MISSING_EXPECTED
defi,SWELL,lst_rates,2026-06-26,SHOULD_HAVE_DATA,,False,False,False,0,MISSING_EXPECTED
defi,SWELL,lst_rates,2026-06-27,SHOULD_HAVE_DATA,,False,False,False,0,MISSING_EXPECTED
defi,SWELL,lst_rates,2026-06-28,SHOULD_HAVE_DATA,,False,False,False,0,MISSING_EXPECTED
defi,SWELL,lst_rates,2026-06-29,SHOULD_HAVE_DATA,,False,False,False,0,MISSING_EXPECTED
defi,SWELL,staking_yields,2026-06-26,SHOULD_HAVE_DATA,,False,False,False,0,MISSING_EXPECTED
defi,SWELL,staking_yields,2026-06-27,SHOULD_HAVE_DATA,,False,False,False,0,MISSING_EXPECTED
defi,SWELL,staking_yields,2026-06-28,SHOULD_HAVE_DATA,,False,False,False,0,MISSING_EXPECTED
defi,SWELL,staking_yields,2026-06-29,SHOULD_HAVE_DATA,,False,False,False,0,MISSING_EXPECTED
defi,UNISWAP,governance_events,2026-06-26,SHOULD_HAVE_DATA,,False,False,False,0,MISSING_EXPECTED
defi,UNISWAP,governance_events,2026-06-27,SHOULD_HAVE_DATA,,False,False,False,0,MISSING_EXPECTED
defi,UNISWAP,governance_events,2026-06-28,SHOULD_HAVE_DATA,,False,False,False,0,MISSING_EXPECTED
defi,UNISWAP,governance_events,2026-06-29,SHOULD_HAVE_DATA,,False,False,False,0,MISSING_EXPECTED
defi,UNISWAP_V2,dex_pool_state,2026-06-26,SHOULD_HAVE_DATA,,False,False,False,0,MISSING_EXPECTED
defi,UNISWAP_V2,dex_pool_state,2026-06-27,SHOULD_HAVE_DATA,,False,False,False,0,MISSING_EXPECTED
defi,UNISWAP_V2,dex_pool_state,2026-06-28,SHOULD_HAVE_DATA,,False,False,False,0,MISSING_EXPECTED
defi,UNISWAP_V2,dex_pool_state,2026-06-29,SHOULD_HAVE_DATA,,False,False,False,0,MISSING_EXPECTED
defi,UNISWAP_V2,dex_pool_swaps,2026-06-26,SHOULD_HAVE_DATA,,False,False,False,0,MISSING_EXPECTED
defi,UNISWAP_V2,dex_pool_swaps,2026-06-27,SHOULD_HAVE_DATA,,False,False,False,0,MISSING_EXPECTED
defi,UNISWAP_V2,dex_pool_swaps,2026-06-28,SHOULD_HAVE_DATA,,False,False,False,0,MISSING_EXPECTED
defi,UNISWAP_V2,dex_pool_swaps,2026-06-29,SHOULD_HAVE_DATA,,False,False,False,0,MISSING_EXPECTED
defi,UNISWAP_V2-ETHEREUM,dex_pool_state,2026-06-26,SHOULD_HAVE_DATA,,False,False,False,0,MISSING_EXPECTED
defi,UNISWAP_V2-ETHEREUM,dex_pool_state,2026-06-27,SHOULD_HAVE_DATA,,False,False,False,0,MISSING_EXPECTED
defi,UNISWAP_V2-ETHEREUM,dex_pool_state,2026-06-28,SHOULD_HAVE_DATA,,False,False,False,0,MISSING_EXPECTED
defi,UNISWAP_V2-ETHEREUM,dex_pool_state,2026-06-29,SHOULD_HAVE_DATA,,False,False,False,0,MISSING_EXPECTED
defi,UNISWAP_V2-ETHEREUM,dex_pool_swaps,2026-06-26,SHOULD_HAVE_DATA,,False,False,False,0,MISSING_EXPECTED
defi,UNISWAP_V2-ETHEREUM,dex_pool_swaps,2026-06-27,SHOULD_HAVE_DATA,,False,False,False,0,MISSING_EXPECTED
defi,UNISWAP_V2-ETHEREUM,dex_pool_swaps,2026-06-28,SHOULD_HAVE_DATA,,False,False,False,0,MISSING_EXPECTED
defi,UNISWAP_V2-ETHEREUM,dex_pool_swaps,2026-06-29,SHOULD_HAVE_DATA,,False,False,False,0,MISSING_EXPECTED
defi,UNISWAP_V3,dex_pool_state,2026-06-26,SHOULD_HAVE_DATA,,False,False,False,0,MISSING_EXPECTED
defi,UNISWAP_V3,dex_pool_state,2026-06-27,SHOULD_HAVE_DATA,,False,False,False,0,MISSING_EXPECTED
defi,UNISWAP_V3,dex_pool_state,2026-06-28,SHOULD_HAVE_DATA,,False,False,False,0,MISSING_EXPECTED
defi,UNISWAP_V3,dex_pool_state,2026-06-29,SHOULD_HAVE_DATA,,False,False,False,0,MISSING_EXPECTED
defi,UNISWAP_V3,dex_pool_swaps,2026-06-26,SHOULD_HAVE_DATA,,False,False,False,0,MISSING_EXPECTED
defi,UNISWAP_V3,dex_pool_swaps,2026-06-27,SHOULD_HAVE_DATA,,False,False,False,0,MISSING_EXPECTED
defi,UNISWAP_V3,dex_pool_swaps,2026-06-28,SHOULD_HAVE_DATA,,False,False,False,0,MISSING_EXPECTED
defi,UNISWAP_V3,dex_pool_swaps,2026-06-29,SHOULD_HAVE_DATA,,False,False,False,0,MISSING_EXPECTED
defi,UNISWAP_V3-ARBITRUM,dex_pool_state,2026-06-26,SHOULD_HAVE_DATA,,False,False,False,0,MISSING_EXPECTED
defi,UNISWAP_V3-ARBITRUM,dex_pool_state,2026-06-27,SHOULD_HAVE_DATA,,False,False,False,0,MISSING_EXPECTED
defi,UNISWAP_V3-ARBITRUM,dex_pool_state,2026-06-28,SHOULD_HAVE_DATA,,False,False,False,0,MISSING_EXPECTED
defi,UNISWAP_V3-ARBITRUM,dex_pool_state,2026-06-29,SHOULD_HAVE_DATA,,False,False,False,0,MISSING_EXPECTED
defi,UNISWAP_V3-ARBITRUM,dex_pool_swaps,2026-06-26,SHOULD_HAVE_DATA,,False,False,False,0,MISSING_EXPECTED
defi,UNISWAP_V3-ARBITRUM,dex_pool_swaps,2026-06-27,SHOULD_HAVE_DATA,,False,False,False,0,MISSING_EXPECTED
defi,UNISWAP_V3-ARBITRUM,dex_pool_swaps,2026-06-28,SHOULD_HAVE_DATA,,False,False,False,0,MISSING_EXPECTED
defi,UNISWAP_V3-ARBITRUM,dex_pool_swaps,2026-06-29,SHOULD_HAVE_DATA,,False,False,False,0,MISSING_EXPECTED
defi,UNISWAP_V3-BASE,dex_pool_state,2026-06-26,SHOULD_HAVE_DATA,,False,False,False,0,MISSING_EXPECTED
defi,UNISWAP_V3-BASE,dex_pool_state,2026-06-27,SHOULD_HAVE_DATA,,False,False,False,0,MISSING_EXPECTED
defi,UNISWAP_V3-BASE,dex_pool_state,2026-06-28,SHOULD_HAVE_DATA,,False,False,False,0,MISSING_EXPECTED
defi,UNISWAP_V3-BASE,dex_pool_state,2026-06-29,SHOULD_HAVE_DATA,,False,False,False,0,MISSING_EXPECTED
defi,UNISWAP_V3-BASE,dex_pool_swaps,2026-06-26,SHOULD_HAVE_DATA,,False,False,False,0,MISSING_EXPECTED
defi,UNISWAP_V3-BASE,dex_pool_swaps,2026-06-27,SHOULD_HAVE_DATA,,False,False,False,0,MISSING_EXPECTED
defi,UNISWAP_V3-BASE,dex_pool_swaps,2026-06-28,SHOULD_HAVE_DATA,,False,False,False,0,MISSING_EXPECTED
defi,UNISWAP_V3-BASE,dex_pool_swaps,2026-06-29,SHOULD_HAVE_DATA,,False,False,False,0,MISSING_EXPECTED
defi,UNISWAP_V3-ETHEREUM,dex_pool_state,2026-06-26,SHOULD_HAVE_DATA,,False,False,False,0,MISSING_EXPECTED
defi,UNISWAP_V3-ETHEREUM,dex_pool_state,2026-06-27,SHOULD_HAVE_DATA,,False,False,False,0,MISSING_EXPECTED
defi,UNISWAP_V3-ETHEREUM,dex_pool_state,2026-06-28,SHOULD_HAVE_DATA,,False,False,False,0,MISSING_EXPECTED
defi,UNISWAP_V3-ETHEREUM,dex_pool_state,2026-06-29,SHOULD_HAVE_DATA,,False,False,False,0,MISSING_EXPECTED
defi,UNISWAP_V3-ETHEREUM,dex_pool_swaps,2026-06-26,SHOULD_HAVE_DATA,,False,False,False,0,MISSING_EXPECTED
defi,UNISWAP_V3-ETHEREUM,dex_pool_swaps,2026-06-27,SHOULD_HAVE_DATA,,False,False,False,0,MISSING_EXPECTED
defi,UNISWAP_V3-ETHEREUM,dex_pool_swaps,2026-06-28,SHOULD_HAVE_DATA,,False,False,False,0,MISSING_EXPECTED
defi,UNISWAP_V3-ETHEREUM,dex_pool_swaps,2026-06-29,SHOULD_HAVE_DATA,,False,False,False,0,MISSING_EXPECTED
defi,UNISWAP_V3-OPTIMISM,dex_pool_state,2026-06-26,SHOULD_HAVE_DATA,,False,False,False,0,MISSING_EXPECTED
defi,UNISWAP_V3-OPTIMISM,dex_pool_state,2026-06-27,SHOULD_HAVE_DATA,,False,False,False,0,MISSING_EXPECTED
defi,UNISWAP_V3-OPTIMISM,dex_pool_state,2026-06-28,SHOULD_HAVE_DATA,,False,False,False,0,MISSING_EXPECTED
defi,UNISWAP_V3-OPTIMISM,dex_pool_state,2026-06-29,SHOULD_HAVE_DATA,,False,False,False,0,MISSING_EXPECTED
defi,UNISWAP_V3-OPTIMISM,dex_pool_swaps,2026-06-26,SHOULD_HAVE_DATA,,False,False,False,0,MISSING_EXPECTED
defi,UNISWAP_V3-OPTIMISM,dex_pool_swaps,2026-06-27,SHOULD_HAVE_DATA,,False,False,False,0,MISSING_EXPECTED
defi,UNISWAP_V3-OPTIMISM,dex_pool_swaps,2026-06-28,SHOULD_HAVE_DATA,,False,False,False,0,MISSING_EXPECTED
defi,UNISWAP_V3-OPTIMISM,dex_pool_swaps,2026-06-29,SHOULD_HAVE_DATA,,False,False,False,0,MISSING_EXPECTED
defi,UNISWAP_V3-POLYGON,dex_pool_state,2026-06-26,EXPECTED_EMPTY,EXPECTED_DEPRECATED_DATA_TYPE,False,False,False,0,OK_HONEST_EMPTY
defi,UNISWAP_V3-POLYGON,dex_pool_state,2026-06-27,EXPECTED_EMPTY,EXPECTED_DEPRECATED_DATA_TYPE,False,False,False,0,OK_HONEST_EMPTY
defi,UNISWAP_V3-POLYGON,dex_pool_state,2026-06-28,EXPECTED_EMPTY,EXPECTED_DEPRECATED_DATA_TYPE,False,False,False,0,OK_HONEST_EMPTY
defi,UNISWAP_V3-POLYGON,dex_pool_state,2026-06-29,EXPECTED_EMPTY,EXPECTED_DEPRECATED_DATA_TYPE,False,False,False,0,OK_HONEST_EMPTY
defi,UNISWAP_V3-POLYGON,dex_pool_swaps,2026-06-26,EXPECTED_EMPTY,EXPECTED_DEPRECATED_DATA_TYPE,False,False,False,0,OK_HONEST_EMPTY
defi,UNISWAP_V3-POLYGON,dex_pool_swaps,2026-06-27,EXPECTED_EMPTY,EXPECTED_DEPRECATED_DATA_TYPE,False,False,False,0,OK_HONEST_EMPTY
defi,UNISWAP_V3-POLYGON,dex_pool_swaps,2026-06-28,EXPECTED_EMPTY,EXPECTED_DEPRECATED_DATA_TYPE,False,False,False,0,OK_HONEST_EMPTY
defi,UNISWAP_V3-POLYGON,dex_pool_swaps,2026-06-29,EXPECTED_EMPTY,EXPECTED_DEPRECATED_DATA_TYPE,False,False,False,0,OK_HONEST_EMPTY
defi,UNISWAP_V4,dex_pool_state,2026-06-26,SHOULD_HAVE_DATA,,False,False,False,0,MISSING_EXPECTED
defi,UNISWAP_V4,dex_pool_state,2026-06-27,SHOULD_HAVE_DATA,,False,False,False,0,MISSING_EXPECTED
defi,UNISWAP_V4,dex_pool_state,2026-06-28,SHOULD_HAVE_DATA,,False,False,False,0,MISSING_EXPECTED
defi,UNISWAP_V4,dex_pool_state,2026-06-29,SHOULD_HAVE_DATA,,False,False,False,0,MISSING_EXPECTED
defi,UNISWAP_V4,dex_pool_swaps,2026-06-26,SHOULD_HAVE_DATA,,False,False,False,0,MISSING_EXPECTED
defi,UNISWAP_V4,dex_pool_swaps,2026-06-27,SHOULD_HAVE_DATA,,False,False,False,0,MISSING_EXPECTED
defi,UNISWAP_V4,dex_pool_swaps,2026-06-28,SHOULD_HAVE_DATA,,False,False,False,0,MISSING_EXPECTED
defi,UNISWAP_V4,dex_pool_swaps,2026-06-29,SHOULD_HAVE_DATA,,False,False,False,0,MISSING_EXPECTED
defi,UNISWAP_V4-ETHEREUM,dex_pool_state,2026-06-26,SHOULD_HAVE_DATA,,False,False,False,0,MISSING_EXPECTED
defi,UNISWAP_V4-ETHEREUM,dex_pool_state,2026-06-27,SHOULD_HAVE_DATA,,False,False,False,0,MISSING_EXPECTED
defi,UNISWAP_V4-ETHEREUM,dex_pool_state,2026-06-28,SHOULD_HAVE_DATA,,False,False,False,0,MISSING_EXPECTED
defi,UNISWAP_V4-ETHEREUM,dex_pool_state,2026-06-29,SHOULD_HAVE_DATA,,False,False,False,0,MISSING_EXPECTED
defi,UNISWAP_V4-ETHEREUM,dex_pool_swaps,2026-06-26,SHOULD_HAVE_DATA,,False,False,False,0,MISSING_EXPECTED
defi,UNISWAP_V4-ETHEREUM,dex_pool_swaps,2026-06-27,SHOULD_HAVE_DATA,,False,False,False,0,MISSING_EXPECTED
defi,UNISWAP_V4-ETHEREUM,dex_pool_swaps,2026-06-28,SHOULD_HAVE_DATA,,False,False,False,0,MISSING_EXPECTED
defi,UNISWAP_V4-ETHEREUM,dex_pool_swaps,2026-06-29,SHOULD_HAVE_DATA,,False,False,False,0,MISSING_EXPECTED
