cloud,kind,asset_group,env,name,status
gcp,features-delta-one,CEFI,prd,features-delta-one-cefi-central-element-323112,PRESENT
gcp,features-delta-one,TRADFI,prd,features-delta-one-tradfi-central-element-323112,PRESENT
gcp,features-delta-one,DEFI,prd,features-delta-one-defi-central-element-323112,PRESENT
gcp,features-delta-one,PREDICTION,prd,features-delta-one-pred-central-element-323112,PRESENT
gcp,features-delta-one,SPORTS,prd,features-delta-one-sports-central-element-323112,PRESENT
gcp,features-volatility,CEFI,prd,features-volatility-cefi-central-element-323112,PRESENT
gcp,features-volatility,TRADFI,prd,features-volatility-tradfi-central-element-323112,PRESENT
gcp,features-volatility,DEFI,prd,features-volatility-defi-central-element-323112,PRESENT
gcp,features-volatility,PREDICTION,prd,features-volatility-pred-central-element-323112,PRESENT
gcp,features-volatility,SPORTS,prd,features-volatility-sports-central-element-323112,PRESENT
gcp,features-onchain,CEFI,prd,features-onchain-cefi-central-element-323112,PRESENT
gcp,features-onchain,DEFI,prd,features-onchain-defi-central-element-323112,PRESENT
gcp,features-xinstrument,CEFI,prd,features-xinstrument-cefi-central-element-323112,PRESENT
gcp,features-xinstrument,TRADFI,prd,features-xinstrument-tradfi-central-element-323112,PRESENT
gcp,features-xinstrument,DEFI,prd,features-xinstrument-defi-central-element-323112,PRESENT
gcp,features-xinstrument,PREDICTION,prd,features-xinstrument-pred-central-element-323112,PRESENT
gcp,features-xinstrument,SPORTS,prd,features-xinstrument-sports-central-element-323112,PRESENT
gcp,features-mtf,CEFI,prd,features-mtf-cefi-central-element-323112,PRESENT
gcp,features-mtf,TRADFI,prd,features-mtf-tradfi-central-element-323112,PRESENT
gcp,features-mtf,DEFI,prd,features-mtf-defi-central-element-323112,PRESENT
gcp,features-mtf,PREDICTION,prd,features-mtf-pred-central-element-323112,PRESENT
gcp,features-mtf,SPORTS,prd,features-mtf-sports-central-element-323112,PRESENT
gcp,ml-models-store,,prd,ml-models-store-prd-central-element-323112,PRESENT
gcp,ml-predictions-store,,prd,ml-predictions-store-prd-central-element-323112,PRESENT
gcp,ml-configs-store,,prd,ml-configs-store-prd-central-element-323112,PRESENT
gcp,ml-training-artifacts,,prd,ml-training-artifacts-central-element-323112,PRESENT
gcp,ml-artifacts,,prd,ml-artifacts-central-element-323112,PRESENT
gcp,strategy-store,,prd,strategy-store-central-element-323112,PRESENT
gcp,strategy-store-test,,prd,strategy-store-test-central-element-323112,PRESENT
gcp,execution-store,CEFI,prd,execution-store-cefi-central-element-323112,PRESENT
gcp,execution-store,TRADFI,prd,execution-store-tradfi-central-element-323112,PRESENT
gcp,execution-store,DEFI,prd,execution-store-defi-central-element-323112,PRESENT
gcp,features-sports,,prd,features-sports-prd-central-element-323112,PRESENT
gcp,features-commodity,,prd,commodity-signals-batch-central-element-323112,PRESENT
gcp,market-data,CEFI,prd,market-data-tick-cefi-prd-central-element-323112,PRESENT
gcp,market-data,DEFI,prd,market-data-tick-defi-prd-central-element-323112,PRESENT
gcp,market-data,TRADFI,prd,market-data-tick-tradfi-prd-central-element-323112,PRESENT
gcp,market-data,SPORTS,prd,market-data-tick-sports-prd-central-element-323112,PRESENT
gcp,instruments-store,CEFI,prd,instruments-store-cefi-prd-central-element-323112,PRESENT
gcp,instruments-store,DEFI,prd,instruments-store-defi-prd-central-element-323112,PRESENT
gcp,instruments-store,TRADFI,prd,instruments-store-tradfi-prd-central-element-323112,PRESENT
gcp,instruments-store,SPORTS,prd,instruments-store-sports-prd-central-element-323112,PRESENT
gcp,features-calendar,,prd,features-calendar-prd-central-element-323112,PRESENT
gcp,instruments-store-prediction,,prd,instruments-store-pred-prd-central-element-323112,PRESENT
gcp,market-data-tick-prediction,,prd,market-data-tick-pred-prd-central-element-323112,PRESENT
gcp,features-prediction,,prd,features-pred-prd-central-element-323112,PRESENT
gcp,strategy-store-prediction,,prd,strategy-store-pred-prd-central-element-323112,PRESENT
gcp,execution-store-prediction,,prd,execution-store-pred-prd-central-element-323112,PRESENT
gcp,dex-pools,,prd,dex-pools-prd-central-element-323112,PRESENT
gcp,dex-swaps,,prd,dex-swaps-prd-central-element-323112,PRESENT
gcp,evm-defi,,prd,evm-defi-prd-central-element-323112,PRESENT
gcp,eigenlayer-rewards,,prd,eigenlayer-rewards-prd-central-element-323112,PRESENT
gcp,solana-defi,,prd,solana-defi-prd-central-element-323112,PRESENT
gcp,pnl-store-defi,,prd,pnl-store-defi-prd-central-element-323112,PRESENT
gcp,positions-store-defi,,prd,positions-store-defi-prd-central-element-323112,PRESENT
gcp,risk-store-defi,,prd,risk-store-defi-prd-central-element-323112,PRESENT
gcp,events,,prd,central-element-323112-events,PRESENT
gcp,config-store,,prd,config-store-prd-central-element-323112,PRESENT
gcp,archetype-state,,prd,archetype-state-prd-central-element-323112,PRESENT
gcp,client-reports,,prd,central-element-323112-client-reports,PRESENT
gcp,client-statements,,prd,central-element-323112-client-statements,PRESENT
gcp,manual-audit,,prd,manual-audit-prd-central-element-323112,PRESENT
gcp,audit-records,,prd,trading-audit-records-prd-central-element-323112,PRESENT
gcp,defi-validation,,prd,central-element-323112-defi-validation,PRESENT
aws,features-delta-one,CEFI,prd,features-delta-one-cefi-427895769566,PRESENT
aws,features-delta-one,TRADFI,prd,features-delta-one-tradfi-427895769566,PRESENT
aws,features-delta-one,DEFI,prd,features-delta-one-defi-427895769566,PRESENT
aws,features-delta-one,PREDICTION,prd,features-delta-one-pred-427895769566,PRESENT
aws,features-delta-one,SPORTS,prd,features-delta-one-sports-427895769566,PRESENT
aws,features-volatility,CEFI,prd,features-volatility-cefi-427895769566,PRESENT
aws,features-volatility,TRADFI,prd,features-volatility-tradfi-427895769566,PRESENT
aws,features-volatility,DEFI,prd,features-volatility-defi-427895769566,PRESENT
aws,features-volatility,PREDICTION,prd,features-volatility-pred-427895769566,PRESENT
aws,features-volatility,SPORTS,prd,features-volatility-sports-427895769566,PRESENT
aws,features-onchain,CEFI,prd,features-onchain-cefi-427895769566,PRESENT
aws,features-onchain,DEFI,prd,features-onchain-defi-427895769566,PRESENT
aws,features-xinstrument,CEFI,prd,features-xinstrument-cefi-427895769566,PRESENT
aws,features-xinstrument,TRADFI,prd,features-xinstrument-tradfi-427895769566,PRESENT
aws,features-xinstrument,DEFI,prd,features-xinstrument-defi-427895769566,PRESENT
aws,features-xinstrument,PREDICTION,prd,features-xinstrument-pred-427895769566,PRESENT
aws,features-xinstrument,SPORTS,prd,features-xinstrument-sports-427895769566,PRESENT
aws,features-mtf,CEFI,prd,features-mtf-cefi-427895769566,PRESENT
aws,features-mtf,TRADFI,prd,features-mtf-tradfi-427895769566,PRESENT
aws,features-mtf,DEFI,prd,features-mtf-defi-427895769566,PRESENT
aws,features-mtf,PREDICTION,prd,features-mtf-pred-427895769566,PRESENT
aws,features-mtf,SPORTS,prd,features-mtf-sports-427895769566,PRESENT
aws,ml-models-store,,prd,ml-models-store-prd-427895769566,PRESENT
aws,ml-predictions-store,,prd,ml-predictions-store-prd-427895769566,PRESENT
aws,ml-configs-store,,prd,ml-configs-store-prd-427895769566,PRESENT
aws,ml-training-artifacts,,prd,ml-training-artifacts-427895769566,PRESENT
aws,ml-artifacts,,prd,ml-artifacts-427895769566,PRESENT
aws,strategy-store,,prd,strategy-store-427895769566,PRESENT
aws,strategy-store-test,,prd,strategy-store-test-427895769566,PRESENT
aws,execution-store,CEFI,prd,execution-store-cefi-427895769566,PRESENT
aws,execution-store,TRADFI,prd,execution-store-tradfi-427895769566,PRESENT
aws,execution-store,DEFI,prd,execution-store-defi-427895769566,PRESENT
aws,features-sports,,prd,features-sports-prd-427895769566,PRESENT
aws,features-commodity,,prd,commodity-signals-batch-427895769566,PRESENT
aws,market-data,CEFI,prd,market-data-tick-cefi-prd-427895769566,PRESENT
aws,market-data,DEFI,prd,market-data-tick-defi-prd-427895769566,PRESENT
aws,market-data,TRADFI,prd,market-data-tick-tradfi-prd-427895769566,PRESENT
aws,market-data,SPORTS,prd,market-data-tick-sports-prd-427895769566,PRESENT
aws,instruments-store,CEFI,prd,instruments-store-cefi-prd-427895769566,PRESENT
aws,instruments-store,DEFI,prd,instruments-store-defi-prd-427895769566,PRESENT
aws,instruments-store,TRADFI,prd,instruments-store-tradfi-prd-427895769566,PRESENT
aws,instruments-store,SPORTS,prd,instruments-store-sports-prd-427895769566,PRESENT
aws,features-calendar,,prd,features-calendar-prd-427895769566,PRESENT
aws,instruments-store-prediction,,prd,instruments-store-pred-prd-427895769566,PRESENT
aws,market-data-tick-prediction,,prd,market-data-tick-pred-prd-427895769566,PRESENT
aws,features-prediction,,prd,features-pred-prd-427895769566,PRESENT
aws,strategy-store-prediction,,prd,strategy-store-pred-prd-427895769566,PRESENT
aws,execution-store-prediction,,prd,execution-store-pred-prd-427895769566,PRESENT
aws,dex-pools,,prd,dex-pools-prd-427895769566,PRESENT
aws,dex-swaps,,prd,dex-swaps-prd-427895769566,PRESENT
aws,evm-defi,,prd,evm-defi-prd-427895769566,PRESENT
aws,eigenlayer-rewards,,prd,eigenlayer-rewards-prd-427895769566,PRESENT
aws,solana-defi,,prd,solana-defi-prd-427895769566,PRESENT
aws,pnl-store-defi,,prd,pnl-store-defi-prd-427895769566,PRESENT
aws,positions-store-defi,,prd,positions-store-defi-prd-427895769566,PRESENT
aws,risk-store-defi,,prd,risk-store-defi-prd-427895769566,PRESENT
aws,events,,prd,unified-trading-events-427895769566,PRESENT
aws,config-store,,prd,config-store-prd-427895769566,PRESENT
aws,archetype-state,,prd,archetype-state-prd-427895769566,PRESENT
aws,client-reports,,prd,unified-trading-client-reports-427895769566,PRESENT
aws,client-statements,,prd,unified-trading-client-statements-427895769566,PRESENT
aws,manual-audit,,prd,manual-audit-prd-427895769566,PRESENT
aws,audit-records,,prd,trading-audit-records-prd-427895769566,PRESENT
aws,defi-validation,,prd,unified-trading-defi-validation-427895769566,PRESENT
